_id,title,brief,content,createTime,url,imageUrl,isRecommend,hasImage
a11d186791c3eb8fdc24fa00168ebe69,数智早参｜月之暗面推出新一代数学推理模型k0-math,每经记者 李少婷    每经编辑 董兴生丨 2024年11月18日 星期一 丨NO.1 全国首条跨江商贸低空无人机航线首飞近日，一台方舟40顺丰丰翼无人机携带商品，从武汉武商MALL商圈起飞，标志着全...,<p>每经记者 李少婷    每经编辑 董兴生</p><p>丨 2024年11月18日 星期一 丨</p><p>NO.1 全国首条跨江商贸低空无人机航线首飞</p><p>近日，一台方舟40顺丰丰翼无人机携带商品，从武汉武商MALL商圈起飞，标志着全国首条跨江商贸低空无人机航线正式首飞。该航线由武商集团与顺丰速运携手打造，于今年10月份正式获批，未来将进一步拓宽其服务范畴，涵盖医疗、农业配送等多个领域，满足更广泛的运输需求。</p><p>点评：随着无人机技术的发展和应用场景的扩大，无人机市场规模不断扩大。方舟40无人机的成功首飞验证了无人机在复杂城市环境中的飞行安全和稳定性。无人机航线的开通是低空经济发展的重要组成部分，有助于推动低空经济的多元化发展，创造新的经济增长点。</p><p>NO.2 月之暗面推出新一代数学推理模型k0-math</p><p>11月16日下午，月之暗面Kimi Chat面向全社会开放服务一周年之际，月之暗面宣布推出新一代数学推理模型k0-math。基准测试显示，在中考、高考、考研以及包含入门竞赛题的MATH等4个数学基准测试中，k0-math初代模型成绩超过OpenAI o1系列的o1-mini和o1-preview模型。</p><p>点评：k0-math的技术思路与o1系列类似，都是在大语言模型架构上结合强化学习算法，训练出能像人那样分步骤思考的模型，在回答问题和生成内容时展现“思维链”。月之暗面创始人杨植麟认为，接下来AI发展很重要的一个方向，就是让AI能够具备思考的能力，而数学产品则最适合让AI去锻炼思考能力。</p><p>NO.3 杨元庆：AI不是泡沫，是可持续的发展机会</p><p>11月15日，联想集团公布截至2024年9月30日的2024/25财年第二财季业绩，在财报发布后的业绩沟通会上，联想集团董事长兼CEO杨元庆指出，“AI不是泡沫，是可持续的发展机会”，AI也不仅仅是大模型文生文和文生图，它更多是基于丰富的数据产生智能，让这些数据能够发挥价值。</p><p>点评：业内不少专家与杨元庆的观点相近。世界机器人合作组织理事长、中国科学院院士乔红在2024年世界科技与发展论坛上也曾强调人工智能技术的可持续发展。乔红提到，人工智能已深度融入生产生活，需要进一步把握人工智能的发展方向，推动技术创新与产业升级，并确保人工智能技术可持续发展。</p>,2024年11月18日 07:33,https://finance.sina.com.cn/jjxw/2024-11-18/doc-incwmras0246982.shtml,https://n.sinaimg.cn/finance/cece9e13/20240627/655959900_20240627.png,False,True
3707a19e3a6d7b238f37e179e69b2aee,英伟达新一代AI芯片被曝过热恐延迟交付，公司回应称“客户还在抢”,英伟达新一代旗舰AI芯片Blackwell正在交付。但有市场人士爆料称，Blackwell GPU在装有72个处理器的服务器中使用时会产生过热问题，这些机器预计每个机架的功耗高达120kw。过热会限制...,<p>英伟达新一代旗舰AI芯片Blackwell正在交付。但有市场人士爆料称，Blackwell GPU在装有72个处理器的服务器中使用时会产生过热问题，这些机器预计每个机架的功耗高达120kw。过热会限制GPU性能并有损坏组件的风险。</p><p>11月18日，英伟达发言人就此问题向第一财经记者回应称：“我们正在与领先的云服务提供商合作，将其作为我们工程团队和流程中不可或缺的一部分。工程迭代是正常且符合预期的。将GB200这一迄今为止最先进的系统集成到各种数据中心环境中，需要与我们的客户共同设计。”</p><p>这已不是英伟达新一代的AI芯片第一次被曝出技术问题。此前市场还爆料Blackwell处理器的设计缺陷导致产量下降，推迟生产，并称英伟达为此修改了GPU的某些结构设计，以提高生产可靠性。</p><p>尽管最新被曝出的过热技术问题可能进一步延迟GB200的交付，但从需求来看，英伟达的AI芯片仍处于供不应求。在AI芯片领域，全球近90%的市场仍被英伟达牢牢把控。</p><p>英伟达表示：“目前客户正在抢占GB200系统的市场先机”。</p><p>据社交媒体上公司发布的最新消息，目前GB200已经向客户交付。11月18日，戴尔宣布向Coreweave公司交付了全球首款GB200NVL72服务器机架，称“这将为AI基础设施树立新标杆”。</p><p>另据最新消息称，马斯克的人工智能xAI本周有望宣布新一轮融资，该融资据悉将用来购买10万块英伟达的GPU芯片。</p><p>鸿海集团上个月也宣布，该公司位于中国台湾最大的超级计算机基于英伟达的Blackwell架构构建，并采用GB200 NVL72平台，该平台共包含64个机架和4608个Tensor Core GPU。</p><p>近日，英伟达在日本技术峰会上表示，将与软银集团共同打造日本最大的AI数据中心。</p><p>英伟达将于本周公布最新季度财报，新一代AI芯片系统的交付情况也被市场高度关注。目前英伟达市值接近3.5万亿美元，仍超过苹果公司位居美股市值榜首。今年以来，英伟达股价累计上涨近200%。</p>,2024年11月18日 14:26,https://finance.sina.com.cn/tech/roll/2024-11-18/doc-incwnfyr0438915.shtml,https://n.sinaimg.cn/sinakd20241118s/429/w1320h709/20241118/dfa1-c7e2cdac215df1a4f9d1d89fa65a2fd9.jpg,False,True
632bb1b2eb035c8b4e56068a9445ade1,中国人工智能学会公示青年人才托举工程项目入选名单,为深入贯彻党的二十大和二十届二中、三中全会精神，落实全国科技大会精神，聚焦实现高水平科技自立自强目标，促进青年科技人才成长，按照《中国科协青年人才托举工程管理办法》《中国科协青年人才托举工程实施管理细...,<p>为深入贯彻党的二十大和二十届二中、三中全会精神，落实全国科技大会精神，聚焦实现高水平科技自立自强目标，促进青年科技人才成长，按照《中国科协青年人才托举工程管理办法》《中国科协青年人才托举工程实施管理细则（修订）》（以下简称《实施管理细则》）等规定，中国人工智能学会于2024年8月31日开始组织开展人工智能领域中国科协青年人才托举工程项目人才遴选工作。</p><p>中国人工智能学会共收到47位候选人申报材料。经资料审核、函评初审，15位候选人入围项目终评答辩，2024年11月16日在杭州召开项目终审答辩会。根据《中国科协青年人才托举工程实施管理细则（修订）》要求遴选专家应严格执行回避制度，以无记名投票方式评选出8位候选人。其中中国科协经费扶持候选人2位，中国人工智能学会经费扶持候选人6位。现对入选名单予以公示，公示期为7天，自2024年11月17日至23日。</p><p>公示期间，如有异议，请书面实名向中国人工智能学会反映。</p><p>联系人：邹老师</p><p>电话：010-82686683</p><p>邮箱：msc@caai.cn</p><p>地址：北京市海淀区双清路33号学研大厦B座305室</p><p>中国人工智能学会第十届中国科协青年人才托举工程项目入选名单</p><p>一、中国科协资助名额（按姓氏拼音排序）</p><p>?</p><p>二、中国人工智能学会自筹资金资助名额（按姓氏拼音排序）</p><p>?</p><p>三、遴选专家（按姓氏拼音排序）</p><p>?</p><p>中国人工智能学会</p><p>2024年11月17日</p>,2024年11月18日 14:24,https://finance.sina.com.cn/tech/discovery/2024-11-18/doc-incwnfys7069995.shtml,https://n.sinaimg.cn/tech/zcapp2018/doc_qrcode1.png,False,True
f87a21ae54b285b6d54b9bf63536f09e,986g轻薄如羽！联想商务AI PC 新品ThinkPad X1 Carbon Aura AI开启预约,在当今AI时代，AI技术已渗透到商务办公的各个环节，AI的广泛应用让内容创作、日常办公、数据分析、设计编程更加高效，极大地改变了传统办公模式。能够深度融合AI技术与应用，为用户提供智能、便捷体验的AI...,"<p>在当今AI时代，AI技术已渗透到商务办公的各个环节，AI的广泛应用让内容创作、日常办公、数据分析、设计编程更加高效，极大地改变了传统办公模式。能够深度融合AI技术与应用，为用户提供智能、便捷体验的AI PC，已成为众多商务人士不可或缺的办公利器。11月18日，联想正式推出新一代商务AI PC——ThinkPad X1 Carbon Aura AI元启版，该款AI全互联精英商务本成功化解轻薄、续航、性能“三角难题”，不仅融合了前沿AI创新技术，更以出色的986g机身设计和18小时续航表现，为商务人士带来办公效率的革新，让AI办公体验迈向全新高度。</p><p>打破“三角悖论”，轻薄、续航、性能全优之选</p><p>在传统笔记本电脑领域，轻薄、续航、性能的“三角悖论”一直是个难题，轻薄设计往往意味着要牺牲电池容量或硬件性能来控制厚度和重量；追求长续航则要降低性能、增加电池体积而牺牲轻薄；强调性能会因高能耗组件而影响续航和轻薄设计。</p><p>ThinkPad X1 Carbon Aura AI元启版成功打破了笔记本电脑在性能、续航与重量之间的平衡难题，实现了三者兼得。作为一款14英寸的大屏高端旗舰本，其986g轻盈的机身重量令人惊叹，对于那些商务出行频繁、移动办公高频的用户而言，即便身负重任也能轻装上阵。高达18小时的续航能力也同样卓越，满电可办公连用两天，无需再为电量不足而担忧，用户随时随地都能开启高效办公模式。其搭载第二代英特尔酷睿Ultra7 258V系列处理器，最高睿频可达4.8GHz，CPU+GPU+NPU异构AI算力高达120TOPS，全新架构的Intel Arc显卡，让3D建模、图形编辑、视频剪辑等工作效率翻番。</p><p>此外，ThinkPad X1 Carbon Aura AI元启版搭载2.8K的OLED“3A”高分辨率好屏（AG 防眩光、AR 防反射、AS 防污渍）为用户带来了卓越视觉享受，拥有120Hz屏幕自刷新、16:10黄金比例、1000000:1超高对比度、100%的DCI-P3色域覆盖，无论是观看照片和视频，还是用于专业设计，都能呈现出纤毫毕现的细节，让画面流畅灵动，使用户沉浸其中。</p><p>畅享“三大体验”，情景、互联、服务完美融合</p><p>全新ThinkPad X1 Carbon Aura AI元启版，具备“智能情景、无界互联、臻享服务”三大特点，智能情景让办公使用更贴合个性化需求，根据不同情景自动调整设置；无界互联则打破设备间的壁垒，实现数据和应用的无缝流转；臻享服务则从线上到线下全方位保障，为用户带来无忧体验。</p><p>智能情景方面，通过AI精准且智能地识别用户当下场景，无论是紧张的办公时刻还是轻松的工作闲暇时光，ThinkPad X1 Carbon Aura AI元启版可以基于不同场景优化各项能力并带来最佳表现，使每一位商务用户都能享受到量身定制般的舒适体验；无界互联方面，ThinkPad X1 Carbon Aura AI元启版打破了系统之间的壁垒，其具备业界领先的跨Windows、iOS、安卓不同系统的“一碰传”功能，可以让AI手机与AI PC之间随心所欲拖放文本和照片，应用镜像为用户创造了前所未有的高效互联体验；臻享服务方面，ThinkPad X1 Carbon Aura AI元启版为用户提供1V1微信在线管家，技术顾问专人专线答疑解惑，“年年焕新”计划，为用户的设备持续使用和未来换新提供了全方位服务支持。</p><p>超1500款AI应用，满足用户多样化AI需求</p><p>ThinkPad X1 Carbon Aura AI元启版内嵌个人智能体“小天”，具备意图理解和主动感知、自我能力认知、短期长期记忆、任务规划与分解等功能，可以帮助用户创建个人专属的知识库，实现查找总结文档、外文智能翻译、记录会议摘要，极大地提升了用户AI办公体验。</p><p>个人智能体“小天”的个人文档大师、个人知识问答、AI设备调优等黄金AI应用，正成为个人用户的第一入口，用户在工作、学习和生活的不同场景下,将拥有属于自己的“个人AI助理”。联想天禧生态已经引入包括Kimi智能助手、亿图脑图、讯飞听见、剪映、AI PPT、百度文库、聆心智能等在内的超过1500款AI应用，目前个人智能体“小天”用户的周活已经达到了30%以上。</p><p>作为联想“一体多端”战略的关键落子，ThinkPad X1 Carbon Aura AI元启版不仅在轻薄便携、AI算力、高效续航方面取得全新突破，更在跨端情景无缝协作和AI生态体验方面树立了AI PC产品的新标杆。无论身处办公室，还是出差途中，ThinkPad X1 Carbon Aura AI元启版无疑是商务人士高效工作的最佳之选。目前该产品已在联想官网、京东、天猫等平台正式开启预约。</p>",2024年11月18日 14:22,https://finance.sina.com.cn/tech/roll/2024-11-18/doc-incwnnhp0312207.shtml,https://n.sinaimg.cn/spider20241118/384/w1270h714/20241118/dd60-7e816cd674db5c60e622b3ee93822bdf.jpg,False,True
9ed9c1c70e759d9bc48d74e491bb2108,比亚迪将投入 1000 亿元，用于发展人工智能和汽车相结合的智能化技术,IT之家 11 月 18 日消息，比亚迪成立 30 周年暨第 1000 万辆新能源汽车下线发布会今天上午举行，比亚迪宣布将投入 1000 亿元，用于发展人工智能和汽车相结合的智能化技术，实现整车全面智...,<p>IT之家 11 月 18 日消息，比亚迪成立 30 周年暨第 1000 万辆新能源汽车下线发布会今天上午举行，比亚迪宣布将投入 1000 亿元，用于发展人工智能和汽车相结合的智能化技术，实现整车全面智能化进阶，赢得未来的技术话语权。</p><p>IT之家获悉，比亚迪为全球首家达成第 1000 万辆新能源汽车下线的车企，比亚迪取得第一个 500 万辆成就，用了整整 15 年；而第二个 500 万辆，只用了短短 15 个月。</p><p>活动现场，比亚迪董事长兼总裁王传福向游戏科学创始人兼 CEO、《黑神话：悟空》制作人冯骥交付比亚迪第 1000 万辆新能源汽车 —— 腾势 Z9。</p><p>除了现场抽取 90 位“超级锦鲤”送出新车使用权，王传福还宣布比亚迪设立 30 亿慈善基金计划，聚焦教育慈善，在全国多所高校设立奖学金，并向全国中职以上的院校、博物馆和科技馆捐赠新能源解剖车作为科普展具。</p><p>广告声明：文内含有的对外跳转链接（包括不限于超链接、二维码、口令等形式），用于传递更多信息，节省甄选时间，结果仅供参考，IT之家所有文章均包含本声明。</p>,2024年11月18日 13:58,https://finance.sina.com.cn/tech/digi/2024-11-18/doc-incwnfyu3843047.shtml,https://n.sinaimg.cn/spider20241118/238/w666h372/20241118/a527-2c7f334e8ac69b21242d10587f59a5ea.jpg,False,True
6c5fe4642ed31b2a00032ad28bc91581,苹果打算明年带来AirTag 2，或与M4 MacBook Air一起发布,在2021年的春季新品发布会上，苹果带来了传闻已久的追踪配件AirTag，采用了类似圆盘的设计，通过多种技术手段，实现精确查找。其搭载了U1芯片，内置传感器、蓝牙和可更换电池，可以与挂绳等配件搭配使用...,<p>在2021年的春季新品发布会上，苹果带来了传闻已久的追踪配件AirTag，采用了类似圆盘的设计，通过多种技术手段，实现精确查找。其搭载了U1芯片，内置传感器、蓝牙和可更换电池，可以与挂绳等配件搭配使用，电池的使用寿命大概是一年。</p><p>据Wccftech报道，AirTag已推出了三年多，这段时间里苹果也在开发新的型号，可能会引入更多的功能。最新的消息称，苹果打算在明年推出AirTag 2，代号“B589”，已在制造测试中取得进展，预计也会选择在春季新品发布会上与M4 MacBook Air等产品一起发布。</p><p>AirTag已经帮助了无数用户找到自己丢失、遗忘的物品或者行李，得到了不少用户的认可。近期还与超过15家航空公司合作加入了新功能，允许通过物品共享位置来定位丢失的行李，提供了更为便利的服务。</p><p>这不是第一次出现有关AirTag 2的消息，有可能会搭载U2芯片，配备改进的传感器，增加内置扬声器，而且还会增大配件覆盖的范围，以更好地跟踪位置，甚至能与Vision Pro实现整合。不过也有传言称，AirTag 2的量产时间可能会比原计划晚一些，要等到2025年中旬才会到来。</p><p>【来源：超能网】</p>,2024年11月18日 13:49,https://finance.sina.com.cn/tech/roll/2024-11-18/doc-incwnfyp3648312.shtml,https://n.sinaimg.cn/spider20241118/190/w660h330/20241118/c1e2-ccd2451e250d2cfee52dc0d12a4bece7.jpg,False,True
5641228e77b1eaf0a80af1748f07d358,消息称抖音正推进“V”项目，包括直播游戏互动、AI 分身功能等,11 月 18 日消息，据 Tech 星球今日报道，抖音正在推进一个名为“V”的项目，该项目致力拓展直播与互动的边界。其中，“V”意味着无限可能的探索、创新与突破。报道称，V 项目的目标是让抖音变得更...,<p>11 月 18 日消息，据 Tech 星球今日报道，抖音正在推进一个名为“V”的项目，该项目致力拓展直播与互动的边界。其中，“V”意味着无限可能的探索、创新与突破。</p><p>报道称，V 项目的目标是让抖音变得更好玩，主要通过虚拟互动、游戏化玩法等方式，为用户提供更有趣的抖音互动体验。</p><p>通过 V 项目，创作者可培养出与自身性格特征、思维习惯类似的分身，让用户与创作者的 AI 分身对话，也可以进行不同类型的虚拟创作和 IP 经营，让虚拟互动变得有趣； 用户则可以在直播、社交等渠道体验到玩法丰富、品类多样的抖音小游戏、社交游戏、直播互动玩法等，让抖音有好玩的、自闭环的游戏。</p><p>报道还提到，“V”项目产品包括抖音 App 内已上线的直播游戏互动，以及近期推广的 AI 分身功能。从体验上看，AI 分身输出的内容均由 AI 生成，非创作者本人回复，AI 分身可在创作者设置的场景中与用户互动，可全天 24 小时在线互动。</p><p>据IT之家此前报道，抖音 VR 直播于本月初更名“抖音 XR”，支持横屏 / 竖屏 / 全景观看视频、新增 MR 模式开关等功能，进一步发力虚拟视频领域。</p>,2024年11月18日 13:47,https://finance.sina.com.cn/tech/roll/2024-11-18/doc-incwnfyu3840712.shtml,https://n.sinaimg.cn/spider20241118/520/w660h660/20241118/0337-559b35fb367407b2f8f4de06046f6bdb.jpg,False,True
0f6b7b0734dfc09a781be9a76f9d8c60,伊枕入梦AI智能护颈枕：科技点亮智慧生活,在这个科技如流星般飞速划过天际的时代，人们对睡眠质量的关注度恰似熊熊烈火，越燃越旺。有那么一群人，他们心中燃烧着激情的火焰，满怀着无限的创造力，毅然踏上了一段充满奇幻色彩的旅程，而这段旅程的结晶，便是...,<p>在这个科技如流星般飞速划过天际的时代，人们对睡眠质量的关注度恰似熊熊烈火，越燃越旺。有那么一群人，他们心中燃烧着激情的火焰，满怀着无限的创造力，毅然踏上了一段充满奇幻色彩的旅程，而这段旅程的结晶，便是令人惊喜的伊枕入梦AI智眠枕。</p><p>伊枕入梦的诞生源于一个对睡眠品质有着执着追求的团队。创始人李军先生起初做的是安防监控以及车载后装相关产业。2017 年4月份，震惊于身边一位好友由于睡眠呼吸暂停综合征（OSA）在睡梦中去世的消息，加上自己因为肥胖应酬，睡觉经常打鼾，也患上了轻度的呼吸暂停症，促使他对健康睡眠的重要性有了全新的深刻认识。然而，在寻找一款能够真正满足自己睡眠需求的枕头时，却屡屡失望。传统枕头要么不够舒适，要么无法对颈椎提供有效的支撑，更无法满足现代人对智能化生活的追求。</p><p>于是，一个大胆的想法在李军先生心中萌生 —— 亲自打造一款集舒适、支撑与智能于一体的枕头，为大家带来真正的优质睡眠。带着这份坚定的信念，开始带领团队转型，并招募了一批来自不同领域的专业人才，在长期的市场调研中，深刻意识到传统枕头在满足人们日益多样化的睡眠需求方面存在诸多不足。于是，带着为大家打造极致睡眠体验的使命，李军先生于 2017年12月正式启动智能枕头项目，组建了一支由材料科学家、工程师、设计师、睡眠专家和中医康养教授组成的精英团队。</p><p>研发之初，困难便如影随形。团队面临着无数技术难题，从人体工程学设计到智能科技的融合，每一个环节都充满了挑战。为了打造出最符合人体需求的枕头，他们投入了大量的时间和精力进行研究。在将近一年的时间里，研发团队夜以继日地工作。不断地进行方案设计、模型制作和实际测试。每一次的尝试都伴随着不确定性，但他们从未放弃。2018 年 9 月，首台枕头外形终于制作完成。然而，这仅仅是一个开始。</p><p>为了确保产品的完美性，团队邀请了不同体型、不同睡眠习惯的用户参与体验。这些用户来自各个年龄段和职业领域，他们的反馈对于产品的优化至关重要。在收集反馈意见的过程中，团队发现了许多需要改进的地方。有的用户觉得枕头的高度不够合适，有的用户则认为硬度需要调整，有的用户对物联app流畅度提出改进意见。针对这些问题，研发团队逐一进行分析和解决。</p><p>他们不断地更新升级产品，对枕头的外形、材质、智能功能等方面进行优化。每一次的改进都需要经过反复的测试和验证，确保能够真正提升用户的睡眠体验。在这个过程中，研发团队承受着巨大的压力，但他们始终坚信，只有不断追求卓越，才能打造出真正优秀的产品。</p><p>经过无数次的迭代和优化，伊枕入梦AI智眠枕逐渐成熟。</p><p>2024年6月伊枕入梦AI智能护颈枕正式投入市场，获得了用户的一致好评，开启智能家居新时代。它不仅具备了舒适的外形和恰到好处的支撑力，还拥有先进的五大核心功能：控鼾止鼾，智控舒适；音乐助眠，一键入睡；热敷按摩，康养理疗；0压漂浮，肩颈平衡；AI传感，生命监测。</p><p>在一次访谈中，李军先生回忆起研发智能枕头的艰辛历程，感慨地说道：“曾经有人觉得我实在太傻了，竟然耗费长达七年的时间去研发一款产品，这一过程可谓是充满了无尽的艰难险阻，并且还存在着是否能上市的风险。他们问我，为什么不选择放弃呢？或者差不多就行了呀。然而，在我看来，一旦决定去做一件事情，那就必须做到极致。本着对消费者负责任的态度，我所做的产品，必定是能达到解决用户痛点，能真正帮到大家的，让大家不要再缴纳智商税了。”</p><p>由此可见伊枕入梦AI智眠枕的成功不仅在于其卓越的品质，更在于李军先生及团队对初心的坚守和对消费者的负责。未来，希望伊枕入梦品牌将继续秉持着这份信念，不断创新，为消费者带来更多优质的产品，为智能睡眠领域的发展贡献自己的力量。</p><p>搜索</p><p>复制</p>,2024年11月18日 13:12,https://finance.sina.com.cn/tech/roll/2024-11-18/doc-incwnfyp3636966.shtml,https://n.sinaimg.cn/spider20241118/215/w650h365/20241118/4952-dae925a3569bc9c95d094bc5c72412f8.jpg,False,True
6b24ebd7efecdf2e1d155312f1089416,还要建“火星链”？马斯克提出火星互联网服务,据英国GB News报道，美国宇航局（NASA）要求商业供应商提交方案帮助NASA探索火星。SpaceX创始人马斯克日前在火星探索计划分析小组会议上向美国宇航局提出了“火星链”（Marslink）这一...,<p>据英国GB News报道，美国宇航局（NASA）要求商业供应商提交方案帮助NASA探索火星。SpaceX创始人马斯克日前在火星探索计划分析小组会议上向美国宇航局提出了“火星链”（Marslink）这一概念，该方案将火星与高速Wi-Fi连接起来，主要用于火星任务。</p><p>“火星链”方案是SpaceX“星链”（Starlink）卫星互联网的改编版，近7000颗卫星在轨运行的“星链”目前为近500万用户提供互联网服务。在“火星链”方案中，多颗卫星将围绕火星轨道运行，使用现有“星链”服务的激光通信，使得地球能够与火星共享数据。</p><p>马斯克表示，“这只是非常基本的第一步，地球和火星最终将需要每秒petabit的连接。”</p><p>据GB News报道，马斯克的概念是向美国宇航局提出的开发“下一代中继服务”的三个想法之一，这种服务可以在邻近行星之间传输超过4Mpbs的数据。</p><p>SpaceX在全球发射行业已占据主导地位。SpaceX猎鹰火箭今年已经发射了100多次，发射数量还在不断增加。这家拥有1.5万名员工的公司还从美国国防部和NASA赢得了数十亿美元的政府合同，为NASA服务的载人龙飞船向国际空间站运送宇航员，是目前美国出入国际空间站的唯一选择。</p><p>SpaceX也在稳步推进其巨型火箭“星舰”的研发，10月份的第五次试飞中首次尝试抓住了“星舰”的助推器，SpaceX计划当地时间11月19日开展“星舰”第六次飞行测试。今年9月，马斯克表示，SpaceX计划2026年让“星舰”着陆火星，“这些着陆是不载人的，以测试在火星上完整着陆的可靠性。”</p><p>?</p><p>SpaceX总裁兼首席运营官格温·肖特韦尔（Gwynne Shotwell）日前表示，SpaceX的猎鹰火箭已经累计发射超过400次，“如果我们在未来四年发射400次星舰，我不会感到惊讶。”</p>,2024年11月18日 13:07,https://finance.sina.com.cn/tech/discovery/2024-11-18/doc-incwnfyp3633043.shtml,https://n.sinaimg.cn/tech/zcapp2018/doc_qrcode1.png,False,True
174bf164f5c876cf3330e8e5ff67605e,消息称抖音正推进“V”项目，包括直播游戏互动、AI 分身功能等,IT之家 11 月 18 日消息，据 Tech 星球今日报道，抖音正在推进一个名为“V”的项目，该项目致力拓展直播与互动的边界。其中，“V”意味着无限可能的探索、创新与突破。报道称，V 项目的目标是让...,<p>IT之家 11 月 18 日消息，据 Tech 星球今日报道，抖音正在推进一个名为“V”的项目，该项目致力拓展直播与互动的边界。其中，“V”意味着无限可能的探索、创新与突破。</p><p>报道称，V 项目的目标是让抖音变得更好玩，主要通过虚拟互动、游戏化玩法等方式，为用户提供更有趣的抖音互动体验。</p><p>通过 V 项目，创作者可培养出与自身性格特征、思维习惯类似的分身，让用户与创作者的 AI 分身对话，也可以进行不同类型的虚拟创作和 IP 经营，让虚拟互动变得有趣；</p><p>用户则可以在直播、社交等渠道体验到玩法丰富、品类多样的抖音小游戏、社交游戏、直播互动玩法等，让抖音有好玩的、自闭环的游戏。</p><p>报道还提到，“V”项目产品包括抖音 App 内已上线的直播游戏互动，以及近期推广的 AI 分身功能。从体验上看，AI 分身输出的内容均由 AI 生成，非创作者本人回复，AI 分身可在创作者设置的场景中与用户互动，可全天 24 小时在线互动。</p><p>据IT之家此前报道，抖音 VR 直播于本月初更名“抖音 XR”，支持横屏 / 竖屏 / 全景观看视频、新增 MR 模式开关等功能，进一步发力虚拟视频领域。</p><p>广告声明：文内含有的对外跳转链接（包括不限于超链接、二维码、口令等形式），用于传递更多信息，节省甄选时间，结果仅供参考，IT之家所有文章均包含本声明。</p>,2024年11月18日 12:43,https://finance.sina.com.cn/tech/digi/2024-11-18/doc-incwnfys7052268.shtml,https://n.sinaimg.cn/spider20241118/560/w1080h1080/20241118/85c4-0a52b6814c2fc47f0a5283b419b55ac5.jpg,False,True
32a395d6d66a978f3aff7861628b8858,NeurIPS 2024 | 自我纠错如何使OpenAI o1推理能力大大加强？北大、MIT团队给出理论解释,AIxiv专栏是机器之心发布学术、技术内容的栏目。过去数年，机器之心AIxiv专栏接收报道了2000多篇内容，覆盖全球各大高校与企业的顶级实验室，有效促进了学术交流与传播。如果您有优秀的工作想要分享，...,"<p>AIxiv专栏是机器之心发布学术、技术内容的栏目。过去数年，机器之心AIxiv专栏接收报道了2000多篇内容，覆盖全球各大高校与企业的顶级实验室，有效促进了学术交流与传播。如果您有优秀的工作想要分享，欢迎投稿或者联系报道。投稿邮箱：liyazhou@jiqizhixin.com；zhaoyunfeng@jiqizhixin.com</p><p>自我纠错（Self Correction）能力，传统上被视为人类特有的特征，正越来越多地在人工智能领域，尤其是大型语言模型（LLMs）中得到广泛应用，最近爆火的OpenAI o1模型[1]和Reflection 70B模型[2]都采取了自我纠正的方法。</p><p>传统的大语言模型，因为在输出答案的时候是逐个Token输出，当输出长度较长时，中间某些Token出错是必然发生。但即使LLM后来知道前面输出的Token错了，它也得用更多错误来“圆谎”，因为没有机制让它去修正前面的错误。</p><p>而OpenAI o1在“慢思考”也就是生成Hidden COT的过程中，通过分析OpenAI官网给出的Hidden COT例子可以发现，在解决字谜问题的思考过程中，o1首先发现了每两个连续的明文字母会映射到一个秘文字母，于是便尝试使用奇数字母来构建明文，但是经过验证发现并不合理（Not directly）；接着又重新修正答案最终成功解出字谜。</p><p>Reflection 70B的关键技术也包括错误识别和错误纠正。他们用到了一种名为 Reflection-Tuning（反思微调） 的技术，使得模型能够在最终确定回复之前，先检测自身推理的错误并纠正。在实际的执行过程中，这会用到一种名为思考标签（thinking tag）的机制。模型会在这个标签内部进行反思，直到它得到正确答案或认为自己得到了正确答案。</p><p>频频应用于大语言模型的自我纠错技术为何有效？为什么纠错过程可以让模型把原本答错的问题重新答对？</p><p>为了探究这一问题，北大王奕森团队与MIT合作，从理论上分析了大语言模型自我纠错能力背后的工作机理。</p><p>论文题目：A Theoretical Understanding of Self-Correction through In-context Alignment</p><p>论文地址：https://openreview.net/pdf?id=OtvNLTWYww</p><p>代码地址：https://github.com/yifeiwang77/Self-Correction</p><p>作者团队将自我纠错的过程抽象为对齐任务，从上下文学习（In-context learning）的角度对自我纠错进行了理论分析。值得一提的是，他们并没有使用线性注意力机制下的线性回归任务进行理论分析，而是使用真实世界LLM在用的softmax多头注意力机制的transformer结构，并利用Bradley-Terry 模型和 Plackett-Luce 模型（LLM对齐的实际选择，用于RLHF和DPO）设计对齐任务进行研究。受理论启发，他们提出了一种简单的自我纠错策略--上下文检查（Check as Context），并通过实验，在消除大语言模型中存在的潜在偏见以及防御越狱攻击中效果显著。</p><p>理论分析：自我纠错实际上是一种上下文对齐？</p><p>不同于类似监督学习的标准上下文示例（请求，回答），自我纠错示例可以形成一个三元组形式（请求，回答，奖励），这类似于通过奖励指示好坏样本的 LLM 对齐。因此，作者团队提出将自我纠错形式化为一种“上下文对齐”（In-context Alignment），即通过提供一系列自我纠错步骤的上下文，优化LLM的最终输出，以获得更高的奖励。</p><p>对齐的过程通常包括：对于问题，收集个不同的模型回答，然后由人类或评估模型（在本文中，评估模型即该 LLM 本身）对这  个回答给出排序偏好。接着，使用一般的对齐模型（如Bradley-Terry (BT,n=2) or Plackett-Luce (PL loss, general n)）进行建模：</p><p>其中为奖励模型。</p><p>针对transformer模型，作者采用了带有softmax多头注意力机制的transformer结构，其前向传播更新可以分为两部分</p><p>多头注意力（MHSA）层：</p><p>FFN层：</p><p>奖励函数  被设置为负均方误差（MSE）损失，即：</p><p>在该设置下，参数的梯度下降可等价于对数据的更新：</p><p>作者证明了多层transformer（包含3-head softmax attention和relu激活函数的FFN）可以利用自我纠错样本生成更优奖励的回答。具体而言，作者证明了存在模型权重，使得transformer可以通过在前向传播的过程中执行对其内部奖励模型参数的梯度下降，来生成更符合对齐目标的更优回答。</p><p>这是首次在理论上表明 LLM 可以在上下文中实现对齐的分析。该理论适用于多种自我纠错方法，因为评估可以来自人类、外部验证者或 LLM 本身。</p><p>图2 关于上下文对齐的验证实验，分别涉及TF和GD的比较（a）、不同奖励噪声p的影响（b）、模型深度的影响（c）、以及不同注意力机制的效果（d）、（e）、（f）。</p><p>作者也通过设置验证实验来检验其理论导出的种种结论，以及各个 transformer 结构模块对 LLM 执行上下文对齐能力的影响，作者发现了很多有趣的结论：</p><p>通过观察比较LLM在执行上下文对齐时前向传播的损失与梯度下降的损失曲线，LLM执行上下文对齐时的前传行为与梯度下降损失曲线几乎相同。（图2(a)）</p><p>评价的质量直接影响自我纠错的质量（图2(b)）。</p><p>对多样本的排序需要更深的模型层数，在达到一定深度后（15层），增加更多的层数并不能带来更高的收益。（图2(c)）</p><p>Softmax注意力机制对从评价中分析回答优劣排序至关重要，而linear注意力则做不到这一点。具体来说，softmax 注意力机制可以有效地选取最优回答  并为各样本生成加权平均所需的权重。（图2(d)）</p><p>多头注意力机制对token角色的区分很重要。具体而言，多头注意力机制可以将生成的回答与正样本拉近，与负样本拉远。实验表明，3个attention head是上下文对齐任务中最优选择。（图2(e)）</p><p>FFN对于token角色的转变很重要。在经过一个MHSA层后，FFN可以将上一轮的正样本屏蔽掉，从而使次优样本变成下一轮迭代的最优样本。(图2(f))</p><p>自我纠错策略：上下文检查</p><p>作者使用上下文检查（Check as Context，CaC）作为LLM完成自我纠错的方法，在两个现实世界的对齐任务中探索了自我纠错：缓解社会偏见和防范越狱攻击。</p><p>具体而言，首先对模型请求问题获得回答初始回答，然后对该回答进行评估，得到奖励。之后将初始回答,评估送入上下文，并重新请求问题，得到改正后的回答。此过程可多次重复以迭代改进回答，最终以最后一轮的模型回答作为模型的最终输出。</p><p>消除LLM社会偏见</p><p>本文使用 BBQ（Bias Benchmark for QA）数据集，在 vicuna-7B 和 Llama2-7b-chat 模型上测试了 CaC 方法的效果。此外，还在 BBQ 上研究了模型大小、评估质量和纠错轮数对纠错效果的影响。主要结论如下：</p><p>多数情况下，自我纠错后的正确率高于原正确率（图4）</p><p>正确率提升与自我评估的准确率高度相关（图4(c): ），甚至呈线性关系（图5（a））。</p><p>采用不同的评价方式效果依次提升：仅使用对/错评价 < 自然语言评价 < 包含 CoT 的对/错评价。这是因为 CoT 不仅能提高评价准确性，还能为模型提供额外的自然语言信息。（图5(b)）</p><p>更大的模型有更好的纠错能力（图5（c)(d)）</p><p>当评价的正确率足够高时，更多的纠错轮数可以带来更好的纠错效果。（图5（e)）</p><p>同时，在防御越狱攻击的实验中，CaC也是所有测试的防御手段中最低的。</p><p>更多文章细节，请参考原文：https://openreview.net/pdf?id=OtvNLTWYww</p>",2024年11月18日 12:41,https://finance.sina.com.cn/tech/roll/2024-11-18/doc-incwnfyr0411180.shtml,https://n.sinaimg.cn/spider20241118/220/w806h1014/20241118/1cb5-9d1b7521dcd127b41b4a51158567a8c1.png,False,True
02227584672d2f1429420864af394ff6,上新“学术搜索” 夸克成为年轻人PC端首选AI应用,近日，夸克发布“学术搜索”AI产品，依托AI技术和亿级学术文献，将大大提高学术工作中信息获取、创作和处理的效率。PConline最新数据显示，夸克PC端位居2024年国内电脑端AI应用下载量第一，成为...,<p>近日，夸克发布“学术搜索”AI产品，依托AI技术和亿级学术文献，将大大提高学术工作中信息获取、创作和处理的效率。PConline最新数据显示，夸克PC端位居2024年国内电脑端AI应用下载量第一，成为年轻人首选的PC端AI产品。</p><p>对比日常检索，学术搜索对信息的权威性、专业性、时效性有着更高的要求，同时会高频使用提炼总结、创作写作等功能，生成式AI在学术领域有着广阔的应用空间。夸克持续迭代AI产品与技术效果，瞄准了为学术工作提升效率的机会。</p><p>聚合权威文献资料，夸克携手维普、知网等国内顶尖学术资源平台，搭建了总量过亿的专业学术文献题录和全文资料库。同时，夸克学术搜索凭借大模型能力，可以为每次AI回答引用 10 篇以上的文献内容，实现多维度的信息归纳和知识整理，确保搜索内容的正确性。</p><p>不止于内容获取，AI技术的另一个重要场景是创作写作。夸克能够根据用户搜索的学术问题，再结合研究背景、市场现状以及发展趋势等要素，提供由AI生成的学术大纲，并能一键制作PPT，进一步提高学术工作效率。</p><p>服务办公、学习的高频需求，AI技术加持的学术搜索、AI搜题等在夸克快速上新，高频迭代。今年8月全新发布以来，夸克PC端“系统级全场景 AI”将AI搜索、AI写作、AI总结等融入到各类学习、工作场景中。根据PConline最新数据，近两个月，夸克PC端用户规模加速增长。截止11月，夸克PC端位居2024年国内电脑端AI应用下载量第一。</p><p>尝鲜新产品并应用到日常场景中，年轻人无疑是AI产品的核心用户人群。数据显示，夸克PC端中，25岁以下年轻人群占比超过50%。其中，AI搜索、AI写作、AI搜题是使用率最高的产品。夸克PC端实现快捷键、划词、截图、插件等创新交互，让搜索、创作、总结的AI能力触手可及，同时无缝衔接网盘、扫描等，获得一体化、一站式的AI服务。</p><p>市场调查机构Counterpoint Research认为，就端侧AI性能而言，PC的潜力仍然明显大于其他移动智能设备。有业内人士分析，电脑灵活的生态系统更有利于开发者进行AI创新，会成为AI应用落地的核心入口。夸克PC端则囊括了当下用户所能接触到的，所有AI能够带来便利和效率提升的场景。</p><p>“提供新内容，解决新问题，极大提升效率，AI应用只有在大众刚需场景下提供新体验才有新价值。”夸克相关负责人表示，从国内用户对 PC的使用习惯和市场前景来看，AI产品演进才刚刚开始。面向用户、面向AI、面向未来，夸克将持续专注、务实地为年轻人提供更好、更全面的信息服务，迈向用户的AI全能助手。</p>,2024年11月18日 12:24,https://finance.sina.com.cn/tech/roll/2024-11-18/doc-incwnfyr0404208.shtml,https://n.sinaimg.cn/spider20241118/422/w720h502/20241118/2168-f7e254643f8f5ceed8634613d741f660.jpg,False,True
5d4f197f98e2110b933ad9cda6ddc629,上新“学术搜索”  夸克成为年轻人PC端首选AI应用,近日，夸克发布“学术搜索”AI产品，依托AI技术和亿级学术文献，将大大提高学术工作中信息获取、创作和处理的效率。PConline最新数据显示，夸克PC端位居2024年国内电脑端AI应用下载量第一，成为...,<p>近日，夸克发布“学术搜索”AI产品，依托AI技术和亿级学术文献，将大大提高学术工作中信息获取、创作和处理的效率。PConline最新数据显示，夸克PC端位居2024年国内电脑端AI应用下载量第一，成为年轻人首选的PC端AI产品。</p><p>对比日常检索，学术搜索对信息的权威性、专业性、时效性有着更高的要求，同时会高频使用提炼总结、创作写作等功能，生成式AI在学术领域有着广阔的应用空间。夸克持续迭代AI产品与技术效果，瞄准了为学术工作提升效率的机会。</p><p>聚合权威文献资料，夸克携手维普、知网等国内顶尖学术资源平台，搭建了总量过亿的专业学术文献题录和全文资料库。同时，夸克学术搜索凭借大模型能力，可以为每次AI回答引用 10 篇以上的文献内容，实现多维度的信息归纳和知识整理，确保搜索内容的正确性。</p><p>不止于内容获取，AI技术的另一个重要场景是创作写作。夸克能够根据用户搜索的学术问题，再结合研究背景、市场现状以及发展趋势等要素，提供由AI生成的学术大纲，并能一键制作PPT，进一步提高学术工作效率。</p><p>服务办公、学习的高频需求，AI技术加持的学术搜索、AI搜题等在夸克快速上新，高频迭代。今年8月全新发布以来，夸克PC端“系统级全场景 AI”将AI搜索、AI写作、AI总结等融入到各类学习、工作场景中。根据PConline最新数据，近两个月，夸克PC端用户规模加速增长。截止11月，夸克PC端位居2024年国内电脑端AI应用下载量第一。</p><p>尝鲜新产品并应用到日常场景中，年轻人无疑是AI产品的核心用户人群。数据显示，夸克PC端中，25岁以下年轻人群占比超过50%。其中，AI搜索、AI写作、AI搜题是使用率最高的产品。夸克PC端实现快捷键、划词、截图、插件等创新交互，让搜索、创作、总结的AI能力触手可及，同时无缝衔接网盘、扫描等，获得一体化、一站式的AI服务。</p><p>市场调查机构CounterpointResearch认为，就端侧AI性能而言，PC的潜力仍然明显大于其他移动智能设备。有业内人士分析，电脑灵活的生态系统更有利于开发者进行AI创新，会成为AI应用落地的核心入口。夸克PC端则囊括了当下用户所能接触到的，所有AI能够带来便利和效率提升的场景。</p><p>“提供新内容，解决新问题，极大提升效率，AI应用只有在大众刚需场景下提供新体验才有新价值。”夸克相关负责人表示，从国内用户对 PC的使用习惯和市场前景来看，AI产品演进才刚刚开始。面向用户、面向AI、面向未来，夸克将持续专注、务实地为年轻人提供更好、更全面的信息服务，迈向用户的AI全能助手。</p><p>免责声明：此文内容为本网站刊发或转载企业宣传资讯，仅代表作者个人观点，与本网无关。仅供读者参考，并请自行核实相关内容。</p>,2024年11月18日 12:16,https://finance.sina.com.cn/tech/roll/2024-11-18/doc-incwnfyr0399279.shtml,https://n.sinaimg.cn/spider20241118/436/w1200h836/20241118/1e0b-ac3db0191cb974ea541aeee20d12acbc.jpg,False,True
aee8c3db7098f75664e0d82b248104ce,独家丨小米成立AI平台部，任命张铎为AI平台负责人,雷峰网获悉，上周小米进行一系列人事变动，其中基础技术平台部成立AI平台部张铎担任AI平台部负责人，向基础技术平台部总经理冯宏华汇报，组织上基础技术平台部属于小米技术委员会。张铎在2016年-2021年...,<p>雷峰网获悉，上周小米进行一系列人事变动，其中基础技术平台部成立AI平台部张铎担任AI平台部负责人，向基础技术平台部总经理冯宏华汇报，组织上基础技术平台部属于小米技术委员会。</p><p>张铎在2016年-2021年间任职小米，曾被雷军在微博公开表示：张铎是小米的大神。</p><p>9月10日，张铎在社交平台上表示重新回归小米。</p><p>此外，多位小米员工向雷峰网(公众号：雷峰网)确认，小米集团副总裁马骥已不再参与中国区具体业务，正在休假。</p><p>据公开资料显示，马骥2013年加入小米，先后负责过MIUI安全中心、MIUI产品、小米国际互联网业务等工作，其带领团队开拓MIUI及小米互联网产品和服务的国际化进程。2020年12月，任小米互联网业务部总经理，整体负责小米全球互联网产品服务及商业化工作。</p><p>2023年10月，马骥任小米集团副总裁，兼中国区新零售部总经理，负责中国区小米之家的经营、拓展及小米网、有品电商的运营。</p>,2024年11月18日 12:08,https://finance.sina.com.cn/tech/roll/2024-11-18/doc-incwmzsr3744506.shtml,https://n.sinaimg.cn/tech/zcapp2018/doc_qrcode1.png,False,True
520decf08bcaeda26255db412c2750ba,李开复、刘知远、知乎直答……一群对AI上头的人做了场学术酒吧活动,对ＡＩ上头，用知识下酒。１１月１５日，知乎于北京举办了一场别开生面的学术酒吧活动—ＡＩ上头俱乐部。零一万物ＣＥＯ、创新工场董事长李开复，清华大学副教授刘知远，上海交通大学副教授、无问芯穹联合创始人兼首...,<p>对ＡＩ上头，用知识下酒。１１月１５日，知乎于北京举办了一场别开生面的学术酒吧活动—ＡＩ上头俱乐部。零一万物ＣＥＯ、创新工场董事长李开复，清华大学副教授刘知远，上海交通大学副教授、无问芯穹联合创始人兼首席科学家戴国浩等数十位ＡＩ领域领军人物，共同探讨了人工智能的最新发展和未来趋势。此外，知乎直答产品负责人马奎及多位知乎答主登上现场开放麦，在轻松的氛围中交流ＡＩ行业背后的故事。</p><p>知乎首场学术酒吧的学术氛围如同专题论坛。零一万物ＣＥＯ、创新工场董事长李开复率先与北京智星青年人才科技创新研究院技术副院长苏洋，进行了一场题为《中美人工智能竞争视角下中国企业的第二条路》的对谈。李开复表示，作为大模型独角兽零一万物的一个策略是，用“模型➕ＡＩ　ｉｎｆｒａ➕应用”共创的三位一体布局，以最少的训推成本训练出世界第一梯队的模型，而且更快更好更便宜，“我们的目标与世界顶级的差距始终保持在六个月之内。我们的新旗舰模型Ｙｉ－Ｌｉｇｈｔｎｉｎｇ近期在世界权威盲测ＬＭＳＹＳ中排名世界第六，超过了ＧＰＴ－４ｏ（５月版本），这也是中国大模型此榜单历史最佳成绩，而且我们的推理成本仅是ＧＰＴ４的３％。”</p><p>李开复表示：“以Ｏｐｅｎ　ＡＩ为代表的美国公司创新能力引领全球，中国大模型创业者勤奋努力，有世界顶尖的工程能力和强大的执行力，这些要素不仅让我们能‘多快好省’训出顶尖模型，加速大模型价格普惠点到来，还能迎合中国巨大的市场，丰富的落地场景引爆ＡＩ应用时代的到来。这为我们提供了一个独特机遇，在ＡＩ－ｆｉｒｓｔ新时代占据领先地位。”</p><p>清华大学副教授刘知远，在自然语言处理、深度学习、机器学习等领域有着深厚的学术造诣和丰富的研究成果，２０２２年参与创建了面壁智能并担任首席科学家。他带来了题为《大模型知识密度定律》的议题分享，对大模型之于人类社会的未来做出了多项判断。刘知远认为，大模型技术目前只是打开了一个门缝，未来“全球智能体将互相形成智能体网络，迎来人工智能第二次涌现”。</p><p>除了专业、深度的主题分享，知乎学术酒吧别出心裁设置了开放麦环节，带来一场ＡＩ行业的线下脱口秀。知乎直答负责人马奎以《当一款ＡＩ产品上线新功能之后》为题，讲述了产品上线前后的历程。马奎透露知乎直答的专业搜索功能被要求“尽量１０月底”上线，“你们懂的，翻译翻译，就是必须完成”。也正因为如此，知乎直答相比国外大厂发布同类功能提早了一天，创造了一个“第一”。现场，知乎直答专业搜索功能受到了李开复、刘知远等一众ＡＩ领军人物的夸赞，马奎表示“这让人很上头”也坚定了产品的发展信心。</p><p>“凡事可以问ＡＩ的时代，人们还需要什么样的科普内容创作”，年度新知答主、高能物理学博士子乾以此为题进行了分享，其表示“越是在ＡＩ时代，人们越是需要有人情味的内容，科普创作者更要热爱生活”。ＡＩ创业者李博杰带来了题为《漏洞＆Ｂｕｇ——有哪个瞬间让你觉得这个世界出ｂｕｇ了？》的开放麦表演，其围绕自己过往经历调侃了现实世界中的种种漏洞。</p><p>作为学术酒吧的主办方，知乎也展示了最新的ＡＩ“学术”进展：于１０月底知乎直答正式上线的“专业搜索”功能。为了检验这项产品能力，清华大学副教授刘知远，上海交通大学副教授、无问芯穹联合创始人兼首席科学家戴国浩在演讲之后，向其“投喂”了两篇学术论文，知乎直答均给予了准确、翔实的解析，赢得了在场专业人士的喝彩与认可。</p><p>知乎直答自今年６月上线以来，凭借优质内容语料优势和搜索结果的超强溯源能力，被视为“中文版Ｐｅｒｐｌｅｘｉｔｙ”。此番专业搜索的推出，标志着知乎直答成为国内首家提供ＡＩ搜索与正版论文库一站式解决方案的产品，其引入维普、知乎精选等专业内容源，涵盖超过５０００万篇中英文文献数据，极大满足广大用户对于高质量信息的需求。</p><p>近２００位ＡＩ领域从业者参与了这场知乎学术酒吧“ＡＩ上头俱乐部”交流，分享者以轻松自在的形式分享思考与见解，参与者遇见志同道合的朋友，收获思想碰撞的奇妙火花。从线上专业讨论到线下学术酒吧，知乎作为ＡＩ行业的第一讨论场，正吸引越来越多从业者的关注，共同思考和探索人工智能的未来。</p>,2024年11月18日 11:28,https://finance.sina.com.cn/tech/roll/2024-11-18/doc-incwmzsr3733885.shtml,https://n.sinaimg.cn/spider20241118/200/w600h400/20241118/7d40-b56a9b6d2404277bb4449c02bfd196dd.jpg,False,True
f7cb264df7084a922ae52005ad1ea736,防丢钥匙扣 曝苹果AirTag2将在明年发布,据外媒爆料，苹果将会在明年发布AirTag2，这款产品将会升级芯片，并改进位置跟踪功能，可以在更远的距离内起作用。AirTag是在2021年4月发布的国内价格229元，用途是帮助你追踪物品。所以很多购...,<p>据外媒爆料，苹果将会在明年发布AirTag2，这款产品将会升级芯片，并改进位置跟踪功能，可以在更远的距离内起作用。AirTag是在2021年4月发布的国内价格229元，用途是帮助你追踪物品。所以很多购买者也戏称，这是自己购买过最贵的钥匙链。</p><p>在AirTag与iPhone配对后，在界面中会显示定位和方向，用户在手机上按下“播放声音”按钮，AirTag就会发出提示音，如果距离不远用户循着声音就可以找到想要的物品。虽然是防丢神器，但是在国外AirTag也因为协助不法分子跟踪受害者而被提起诉讼。</p>,2024年11月18日 11:27,https://finance.sina.com.cn/tech/roll/2024-11-18/doc-incwnfyp3620597.shtml,https://n.sinaimg.cn/spider20241118/203/w2000h1403/20241118/b699-86631f836395ba8b92a0a3138b383c8f.jpg,False,True
576aea19589d0c102837ff76b45c82a2,中能拾贝携AI产品方案亮相2024广州市人工智能产业链供需对接活动,近日，广州市工业和信息化局主办、广州市人工智能产业发展促进会承办的2024广州市人工智能产业链供需对接活动圆满举行。作为一家专注于服务资产密集型企业的工业智能产品与服务提供商，中能拾贝受邀与相关政府部...,<p>近日，广州市工业和信息化局主办、广州市人工智能产业发展促进会承办的2024广州市人工智能产业链供需对接活动圆满举行。</p><p>作为一家专注于服务资产密集型企业的工业智能产品与服务提供商，中能拾贝受邀与相关政府部门、科研机构、金融机构、行业协会、人工智能企业等代表超过150人出席活动，并做《基于多模态大模型实时视觉智能分析识别》的专题报告。</p><p>为加快发展新一代人工智能产业，2024年，广州市工业和信息化局发布了《2024年广州市数字经济工作要点》《广州市人工智能典型案例册》《广州市“人工智能+”优秀解决方案册》等系列政策，从算力资源布局，数据要素生态建设，传统企业“上云上链”，产业需求“揭榜挂帅”体系等方面，进一步鼓励企业增强自主创新能力，加快提升人工智能方面的核心竞争力，解决人工智能重大应用和产业化问题，推动广州市人工智能赋能新质生产力发展。</p><p>乘着人工智能系列政策的“东风”，中能拾贝率先加速布局AI产品及技术，推出以多模态大模型为核心的拾贝云CyberwLLM及解决方案，赋能资产密集型工业企业的智慧运营，以AI创新应用助力企业跑出高质量发展“加速度”。</p><p>值得关注的是，拾贝云CyberwLLM作为国内工业AI大模型代表，凭借创新多场景应用获得IDC《工业大模型应用进展及展望，2024》报告推荐。</p><p>在与会领导和嘉宾的共同见证下，中能拾贝产品总监尚洪阳带来《基于多模态大模型实时视觉智能分析识别》的AI大模型及应用分享，以丰富的行业实践与社会各界共促人工智能产业发展。</p><p>尚洪阳介绍，中能拾贝的拾贝云大模型CyberwLLM可提供企业级的机器视觉推理应用，通过预置模型服务，满足企业一站式AI应用服务，适用于巡检和安防业务的各类落地场景，赋能工业互联智慧应用。</p><p>基于拾贝云CyberwLLM，他为与会嘉宾介绍了丰富的多模态大模型产品应用场景，展示了包括工作服/安全带识别、冒烟/烟火识别、安全帽/违章作业识别、闯入禁区/动物入侵识别、摔倒/长时间固定作业识别、人员聚集/玩手机识别、高空抛物识别等作业风险场景，表计/开关/刀闸/指压板识别、设备/铭牌识别等巡检场景的多模态大模型应用。</p><p>中能拾贝的AI大模型产品已成功应用于国内外多家大型企业及发电集团。在广西装机规模最大的某发电企业，中能拾贝为其提供工业电视视觉识别系统建设，透过视频AI算法训练，建立AI算法库，实现视频智能视觉管理系统。该系统可与生产管控、智慧安防、智慧设备、智慧运行联动，对人员典型违章、设备渗漏、火灾等状态异常进行自动识别、告警，有效提升生产管控的智能化程度。</p><p>在我国乌江干流上第一座大型水电站的智能安全管控平台建设项目中，中能拾贝为其提供视频智能分析及联动，透过AI产品及服务实现包括安全帽佩戴检测、安全带佩戴检测、盖板开启检测等，为水电站的安全运行“保驾护航”。</p><p>此次对接会为人工智能产业链供需双方搭建了高效的交流平台，有效推动人工智能产业链上下游精准对接，加速技术成果转化，提高产业整体效益。未来，中能拾贝将深耕技术，持续完善矩阵式产品体系，以数智化服务助力资产密集型企业提质增效，迈向高质量发展。</p>,2024年11月18日 11:25,https://finance.sina.com.cn/tech/roll/2024-11-18/doc-incwmzsw3944188.shtml,https://n.sinaimg.cn/spider20241118/200/w1080h720/20241118/0b00-bd819b71415ea673cf544810da930e5c.webp,False,True
dbd3798b37c44afcef844c5e2fc7731e,弱势行情做妖股！低位的AI应用具备走出大牛的机会！,2024年11月18日 11:19:06弱势行情做妖股！低位的AI应用具备走出大牛的机会！弱势行情做妖股！市值管理操作难度太大！1：周末最大的利好就是市值管理，但我个人认为这个市值管理对市场的影响有限...,"<p>2024年11月18日 11:19:06</p><p>弱势行情做妖股！低位的AI应用具备走出大牛的机会！</p><p>弱势行情做妖股！市值管理操作难度太大！</p><p>1：周末最大的利好就是市值管理，但我个人认为这个市值管理对市场的影响有限，这个Z策，背后的目的可能是让行情高低切换，但破净资产的公司为什么会破净资产，能长期低位运行的股票，都是有他的原因的，能因为这样一个政策他就涨上天了吗，显然不能，股票上涨的核心是有资金往上买，大家都看好他的前景，但这个破净资产，会不会有资金持续性的往上买？显然不可能吗,除非GJD往上买，GJD会买吗？显然不会，除非平准基金进场来了，其实这些破净股大多没什么成长性，上涨大概率都是一次性的，有利好来一把，至于说让公司自己搞市值管理，上市公司会买自己家的股票吗？这种概率也比较低啊，套现才是他们的核心目标。至于说规范的，让公司出各种策略性的东西，但这都不是实质性利好，嘴炮能让股票涨一时，不具备持续性，让市场看到实质性的利好，才能涨。</p><p>市值管理也不是今天才出来的政策，2005年就提出了市值管理，2014年牛市发扬光大，但到今天破净股还是一堆一堆的，效果肯定是不及预期的，毕竟这是一个套现卖方市场，市值管理可能是个伪命题，有可能被理解为包装华丽的外衣。</p><p>股市照进现实，其实都一样，一分钱一分货！不过，破净股倒是可以变成个股的加分项，本身个股就有上涨预期，叠加破净属性，可能会有超额预期，比如上汽集团这种。</p><p>2：股市进入下行周期，就是一个挤泡沫的过程，前面经过暴力拉升的，三四倍涨幅的票，就有很强的向下引力，但也不要指望底部没涨的能够持续性补涨。我现在的目标，主要集中在前面涨幅1倍左右的票，进可攻，退可守。尽量远离低空经济，以及经历暴涨的股权转让类的重组票，目前比较适合打埋伏。</p><p>3：目前打埋伏比较合理的是前面长期趴在底部的人工智能，上周经历一轮大涨，但总体涨幅依然在1倍左右，和前面的新知生产力的三四倍涨幅，还是很有吸引力的，毕竟人工智能现在已经进入应用爆发期，大模型已经进入瓶颈，说明大模型已经开始进入了工具类划分，相当于当年的科技硬件电脑和操作系统，最后都变成了工具，而后面持续性爆发的走出历史大牛的是应用，比如微信，抖音，淘宝等等，现在微信，淘宝，抖音等都变成平台应用，是一个道理，现在的大模型就是一个工具，使用大模型这个工具，创造价值的时代开启了.这个方向上涨大涨，但今天开始又大跌了，如果连跌几天回归原点了，低吸的机会不就来了吗</p><p>具体的：</p><p>AI智能体</p><p>AI助手</p><p>AI多模态</p><p>AI+营销</p><p>AI+传媒</p><p>AI+机器人</p><p>等等：注意，AI应用未来大概率会走出超级大**，重演前端时间低空经济，商业航天等行情，上周的放量大涨，但股价多在1倍左右涨幅，首次放量可以理解为主力拿筹码的过程，本周大跌可以看作洗盘的过程，真正的行情，大概率会在下周。本周耐心低吸。</p><p>我从题材，主线的把握，还是比较有自信的，本周受正策消息面的影响，资金在拉升低位权重，但我认为这都是虚晃一招，真正的目的是洗AI。</p>",2024年11月18日 11:19,https://finance.sina.com.cn/tech/roll/2024-11-18/doc-incwmzsr3719779.shtml,https://n.sinaimg.cn/tech/zcapp2018/doc_qrcode1.png,False,True
a530f86e94ec8599a93ad737ab939e46,小鹏AI机器人Iron惊艳亮相，微美全息（WIMI.US）稳步推进布局加速商业化进程,近日，人形机器人行业好消息不断。获悉，11月13日，小鹏汽车（XPEV.US）推出了全新的AI机器人Iron。Iron采用仿人结构设计，身高178cm，体重70kg，拥有62个主动自由度；”大脑“采用...,<p>近日，人形机器人行业好消息不断。获悉，11月13日，小鹏汽车（XPEV.US）推出了全新的AI机器人Iron。</p><p>Iron采用仿人结构设计，身高178cm，体重70kg，拥有62个主动自由度；”大脑“采用图灵AI芯片，能够像人一样思考记忆，同时也让手脚自主活动，双手也采用1：1人类双手尺寸，有15个双手自由度。</p><p>小鹏汽车称，该机器人与智驾体系同源，采用了AI汽车上的鹰眼视觉系统，可以无死角看世界，还运用了端到端大模型和强化学习算法，让机器人的行走拥有驾驶般的能力。</p><p>人形机器人加速面世</p><p>上周，11月5日至10日，第七届中国国际进口博览会在上海国家会展中心举办。今年进博会，各种“高精尖”的前沿技术和产品云集，人形机器人再次成为众人目光的焦点。</p><p>机器人们早已“跳脱”出与技术相关的展区和展台，落地应用遍地生花，各种形态的机器人们广泛应用于导览、配送、物流、教育、娱乐、医疗、工业等复杂场景，为普通消费者和企业用户们提供服务。</p><p>前不久，马斯克在沙特投资倡议论坛（FII）再次预测，2040年前，机器人数量将超过人类，至少有100亿个机器人投入使用，每个价格在2万美元至2.5万美元之间，美好蓝图有效拉高了市场对于人形机器人的期待。</p><p>就实际产业情况而言，2024年以来，多家上市公司通过开设人形机器人业务、投资入股人形机器人产业链公司，或者与人形企业开展合作研发等方式，直接和间接进入人形机器人板块，且这些企业普遍业绩表现优越。</p><p>人形机器人产业趋势明确，目前产业进入“从0到1”的重要突破阶段。值得一提的是，今年以来，许多人形机器人整机企业也融资火热。据不完全统计，今年上半年，全球人形机器人领域融资金额已突破70亿元人民币，超过2023年全年的融资额。</p><p>微美全息AI机器人打造强大动力</p><p>当下，人形机器人产业正迎来前所未有的发展机遇，作为推动制造业高质量发展的重要支撑，智能机器人技术已成为引领产业数字化转型的关键力量。资料显示，微美全息（WIMI.US）作为全球领先的AI机器人公司，通过技术创新和紧密合作，为市场用户提供量身定制的机器人解决方案，以满足客户的多元需求。</p><p>机器人是未来重要增长赛道之一，微美全息精准把握时代潮流，加速AI机器人真正进入人类生活。考虑到抢占人形机器人新赛道，必须打通全链条，建立生态，微美全息以AI机器人整机产品为突破口，支持建立创新研发中心，融入AI机器人整机制造产业链，加快机器人整机面世，进一步走向商业化应用。</p><p>结尾</p><p>人形机器人不是一个新的话题，当前属于人形机器人进入量产前夕，不过，这不代表人形机器人可以迅速走进千家万户。就全行业来说，人形机器人完全进入家庭化场景，可能还需要5到10年，就像当年的智能手机，还需要不断迭代。因此，未来相关企业仍需要持续科技创新，用科技给更多人带来美好出行生活。</p>,2024年11月18日 11:18,https://finance.sina.com.cn/tech/roll/2024-11-18/doc-incwmzsu7161401.shtml,https://n.sinaimg.cn/spider20241118/184/w715h269/20241118/034a-0ba64a48ec3fb4898b23e7da418250d3.jpg,False,True
0feb732701601335c23c6afcfbde7a7c,马斯克将直接受益吗 特朗普政府据称拟放宽自动驾驶汽车规定,据媒体援引知情人士的话报道，美国总统唐纳德·特朗普过渡团队的成员告诉顾问，他们计划将完全自动驾驶汽车的联邦法律框架作为交通部的优先事项之一。这表明，特朗普政府拟放宽自动驾驶汽车规定。在现行的联邦法规下...,<p>据媒体援引知情人士的话报道，美国总统唐纳德·特朗普过渡团队的成员告诉顾问，他们计划将完全自动驾驶汽车的联邦法律框架作为交通部的优先事项之一。这表明，特朗普政府拟放宽自动驾驶汽车规定。</p><p>在现行的联邦法规下，那些希望大规模部署无方向盘或刹车汽车的公司——特斯拉是其中之一——面临重大阻碍。</p><p>虽然美国交通部可以通过国家公路交通安全管理局（NHTSA）颁布规则，以促进自动驾驶汽车的运行，但国会法案将为自动驾驶汽车的大规模采用铺平道路。知情人士表示，一项正在讨论的两党立法措施将制定有关自动驾驶汽车的联邦法规。</p><p>知情人士还透露，特朗普团队正在寻找合适的人选来领导美国交通部，以制定监管自动驾驶汽车的政策框架。</p><p>知情人士表示，特朗普正在考虑的交通部长人选之一是前优步高管埃米尔·迈克尔（Emil Michael），他已经与特朗普的团队和潜在工作人员交谈过。</p><p>此外，密苏里州共和党众议员萨姆·格雷夫斯（Sam Graves）和路易斯安那州共和党众议员加勒特·格雷夫斯（Garrett Graves）也是潜在的人选。</p><p>过去几年，制定联邦立法来监管自动驾驶汽车的努力一直遇阻。</p><p>目前，NHTSA允许制造商在获得豁免的情况下，每年部署2500辆自动驾驶汽车。此前，希望将这一数字增加到10万辆的立法努力一再失败。</p><p>几年前，在特朗普第一任期内，一项旨在实现这一目标的法案在众议院获得通过，但却在参议院陷入僵局。拜登政府执政第一年曾试图将该法案与其他立法合并，但因一些制造商试图在法案中加入阻止消费者起诉或发起集体诉讼案件的措辞而失败。</p><p>马斯克将直接受益</p><p>特朗普政府放宽自动驾驶规则将令特斯拉首席执行官、特朗普大金主埃隆·马斯克直接受益。马斯克已经成为特朗普核心圈子里的重要人物。他把特斯拉的未来押在了自动驾驶技术和人工智能上。</p><p>马斯克今年10月宣布，计划从2026年开始大规模生产无需驾驶员操控的特斯拉无人驾驶机器人出租车。但美国现行法规对马斯克所谓的Cybercab计划构成了重大障碍，包括限制其部署的上限。</p><p>马斯克上个月在特斯拉第三季度财报电话会上呼吁制定国家法规，允许自动驾驶汽车在没有传统驾驶员控制的情况下在美国道路上行驶。马斯克还表示，他将利用在美国政府的潜在职位，推动一种更精简的监管方式，以批准在全美范围内使用全自动驾驶汽车</p><p>上周，特朗普任命马斯克和企业家维韦克·拉马斯瓦米领导拟成立的“政府效率部”。特朗普在一份声明中称，“政府效率部”将“为拆解政府官僚机构铺平道路，削减多余的监管法规和浪费的开支，并重组联邦机构”。</p>,2024年11月18日 11:12,https://finance.sina.com.cn/tech/roll/2024-11-18/doc-incwmzst0494353.shtml,https://n.sinaimg.cn/spider20241118/175/w600h375/20241118/33e5-5baf8e128ff037c57327538165c01757.jpg,False,True
010ce7006efde5811ac77644f34ca908,苹果AirTag 2或明年亮相，万能防丢神器大升级,据爆料，苹果将在明年推出AirTag 2，爆料称代号是B589，将升级芯片，并改进了位置跟踪功能，能在更远的距离内响应，它内置的扬声器不容易拆卸，整体设计跟上代没有太大变化。苹果在2021年4月发布了...,<p>据爆料，苹果将在明年推出AirTag 2，爆料称代号是B589，将升级芯片，并改进了位置跟踪功能，能在更远的距离内响应，它内置的扬声器不容易拆卸，整体设计跟上代没有太大变化。</p><p>苹果在2021年4月发布了AirTag，国行首发价是229元，它最大的用途就是帮你追踪各种物品。跟其它追踪器有一点不一样，AirTag并没有GPS模块，也不能单独联网，但它不仅能实现近距离的精确查找，也能实现远距离的定位。</p><p>AirTag跟iPhone配对成功之后，用户只需在手机上按下“播放声音”按钮，AirTag就会发出提示音，用户循着声音就可以找到想要的物品，整个查找过程非常顺利。</p>,2024年11月18日 11:10,https://finance.sina.com.cn/tech/roll/2024-11-18/doc-incwnfyp3620845.shtml,https://n.sinaimg.cn/tech/zcapp2018/doc_qrcode1.png,False,True
c7eb6a30a5315463b54c19b4be6a667d,马斯克“马部长”痛批美国政府监管系统臃肿：裁判比球员多,快科技11月18日消息，今日，特斯拉CEO马斯克在X上转发了美国机构监管研究中心2020年发布的相关报告。马斯克痛批美国政府监管系统臃肿，称“监管人员太多了，就像一场体育比赛中裁判的数量比场上的球员还...,<p>快科技11月18日消息，今日，特斯拉CEO马斯克在X上转发了美国机构监管研究中心2020年发布的相关报告。</p><p>马斯克痛批美国政府监管系统臃肿，称“监管人员太多了，就像一场体育比赛中裁判的数量比场上的球员还多！”</p><p>报告显示，2000年至2010年间，美国联邦政府监管支出和人员编制的增长速度快于前20年(支出总体增长66.5%，人员增长54.0%)。</p><p>根据2021财年预算估算，2020年的监管支出比2010年的水平高出22.8%，这10年平均年增长率为2.1%。</p><p>从2010年到2020年，人员编制增长5.8%，平均年增长0.6%。</p><p>据了解，美国当选总统特朗普近日宣布，马斯克与拉马斯瓦米将在他就任总统后共同领导拟成立的“政府效率部”。</p><p>据介绍，“政府效率部”将“为拆解政府官僚机构铺平道路，削减多余的监管法规和浪费的开支，并重组联邦机构”。</p><p>【本文结束】如需转载请务必注明出处：快科技</p><p>责任编辑：拾柒</p>,2024年11月18日 11:04,https://finance.sina.com.cn/tech/roll/2024-11-18/doc-incwmzsu7157810.shtml,https://n.sinaimg.cn/spider20241118/564/w600h764/20241118/4afc-7dc79af74465764451f43f49f4159d97.png,False,True
38407f389d5e39a5310194168dac4c50,百度、小米入局，苹果却被曝将停产，AI眼镜何去何从？,AI眼镜会是继智能手机之后下一个超级硬件市场吗？近日来，AI眼镜的风吹得猛烈了些。11月12日，百度首款AI眼镜推出。一石激起千层浪。市面上随后传闻小米正紧锣密鼓地筹备新一代AI眼镜的发布，并已与歌尔...,<p>AI眼镜会是继智能手机之后下一个超级硬件市场吗？</p><p>近日来，AI眼镜的风吹得猛烈了些。</p><p>11月12日，百度首款AI眼镜推出。一石激起千层浪。市面上随后传闻小米正紧锣密鼓地筹备新一代AI眼镜的发布，并已与歌尔股份（002241.SZ）达成合作，预计该产品将于2025年第二季度面世。</p><p>近日参考消息网引用美国《纽约邮报》网站11月12日报道称，苹果公司正在大幅减少Vision Pro头显设备的产量，甚至可能在年底前停止生产这种一开始受人追捧的产品。此前，知名苹果爆料人马克·古尔曼（Mark Gurman）也透露，苹果公司内部已经悄然启动了代号为“阿特拉斯”（Atlas）的AI眼镜项目，旨在收集苹果员工对智能眼镜的反馈。</p><p>事实上，AI眼镜并非新物种。早在2021年，Meta与雷朋（RayBan）联名的初代智能眼镜Ray-Ban Stories就已经发布，彼时销量惨淡。</p><p>不过，Meta第二代AI眼镜产品的意外热销，让行业看到了新希望。据TheVerge统计，截至2024年5月Ray-Ban Meta的全球销量可能已经突破100万副。今年9月底，Meta又亮相了新一代AI眼镜Orion，同时也是Meta首款AR眼镜。</p><p>Ray-Ban Meta的成功证明了智能眼镜类产品成为AI终端落地场景的可行性。但苹果头戴式设备Vision Pro停产的消息又给市场稍稍降了下温。</p><p>对于Vision Pro的“滑铁卢”，多名业内人士分析称这是“苹果光环”下的“预期过高”。</p><p>事实上早有媒体报道，苹果一开始给其代工商立讯精密（002475.SZ）下的单就在40万台左右。高昂的价格和不匹配的体验也使其退货率居高不下。</p><p>但从行业发展的角度来看，Vision Pro所肩负的责任已经完成。“它至少让人们不再认为头戴装置只能用于娱乐。”TrendForce集邦咨询资深研究副总经理邱宇彬认为，Vision Pro在元宇宙装置的多样性、适用性方面跨出了很大一步。</p><p>一边是海水，一边是火焰。AI眼镜市场尚处在技术创新与市场认知之间的“拉锯战”阶段。它会是继智能手机之后下一个超级硬件市场吗？下一个杀手级应用又是什么？</p><p>巨头入场</p><p>掀起这波智能眼镜热潮的是百度发布的小度AI眼镜。</p><p>该款眼镜首搭中文大模型，具备第一视角拍摄、边走边问、识物百科、视听翻译和智能备忘等功能。</p><p>从硬件设置上看，小度AI眼镜搭载了1600万像素超广角摄像头，结合了四阵列麦克风和定制的开放式防漏音扬声器单元，基于其电路架构设计，能够实现56小时待机。此外，眼镜的重量仅有45g，和佩戴普通眼镜几乎无异。</p><p>小度科技CEO李莹表示，小度AI眼镜将于2025年上半年正式上市，价格“物超所值”。</p><p>另外，有消息称小米正在布局新一代AI眼镜，届时将与歌尔股份合作，全面对标Meta Ray-ban。该眼镜搭载 AI 功能、音频耳机模块、摄像头模块，并将以小米自有品牌形式发布。消息称雷军对这款AI眼镜的销售预期设定在“三十万台以上”。而此前小米已经在2021年发布了小米智能眼镜探索版。</p><p>不过截至目前，小米和歌尔股份方均未对此传闻做出回应。</p><p>今年3月，小米就曾试水智能眼镜类产品，推出了MIJIA智能音频眼镜•悦享版，零售价为599元。</p><p>从百度已公开和小米目前传闻的信息来看，二者的智能眼镜均强调AI功能，不同于AR眼镜侧重于将虚拟与现实融合。</p><p>另外，据国内研究机构Wellsen XR Research透露，三星预计将在2025年第三季度推出其首款AR眼镜。这款设备或将命名为“AI智能眼镜”，搭载高通专为AR开发的骁龙AR1芯片，同时支持谷歌开发的Gemini人工智能大模型。据悉，该产品重量仅为50克，并计划首批生产50万台。</p><p>已经推出Ray-Ban Meta的Meta今年也发布了最新的Orion，宣称将AR和AI技术融合，Meta CEO马克·扎克伯格称其为“地表最强”。据Meta介绍，每副眼镜的生产成本大约1万美元（约7万人民币），这可能也是史上最贵AR眼镜。</p><p>Orion的镜片被厚重黑色边框包裹，重98g。眼镜采用分体式设计，与Meta自研的肌电手环相适配，拥有手部跟踪、眼部跟踪、头部追踪等多种交互方式。</p><p>在演示视频中，用户戴上Orion可以刷网页、看短剧，甚至玩一些简单的3D游戏。当然，你也可以在Orion上听音乐、接视频电话。</p><p>不过，目前该款眼镜尚未对外正式开售。天风国际证券分析师郭明錤在其X平台账号发文披露，Orion最快在2027年将实现量产。</p><p>近日，扎克伯格在接受The Verge采访时，提到了智能眼镜的发展路径：初期阶段，全息图的实现或许会先于人工智能的全面融入。而在全息图技术以亲民价格实现规模化生产之前，人工智能的集成已悄然成为可能。</p><p>他认为，未来市场上将并存两种智能眼镜形态，分别是追求极致体验的全息眼镜，以及注重性价比、专为人工智能体验优化的简约眼镜。</p><p>此外，混合现实头显作为另一探索方向，虽与智能眼镜在形态上有所差异，却同样承载着实现全面计算与沉浸式体验的愿景。“我们明确了自己的定位：不盲目追求眼镜的传统外形，而是致力于将全部计算功能融入一款更接近于头显或护目镜形态的产品中。”扎克伯格说。</p><p>Vision Pro为何“失意”？</p><p>在行业内，AR、VR、MR等设备被统称为近眼显示产品。</p><p>苹果Vision Pro也曾被视为近眼显示类设备的一个标杆。它是苹果战略层面的新品，也是苹果对下一代交互方式的探索。无论成功还是“失意”，它或都能给行业敲响警钟或带来启示。</p><p>邱宇彬了解到，Vision Pro第一代折戟之后，苹果原先想在现有架构下做改良，“将价格从3499美元降低到2500美元左右”，但其成本一直居高不下。</p><p>邱宇彬认为，Vision Pro的目标用户不仅仅是纯粹的消费者，还包括一些软硬件开发者或在元宇宙领域长期发展的开发商和企业，让这些开发者和企业探索如何在该设备上增柴添火。从这个角度看，苹果是已经达成了第一个目的。另外，Vision Pro在作为生产工具、替代现有的笔记本层面，也起到了一定的示范作用。</p><p>据外媒预测，Vision Pro 2有望在2025年秋季至2026年春季期间发布。</p><p>据报道，核心硬件方面，Vision Pro 2预计将搭载苹果M5芯片，相较于初代采用的M2芯片，性能或有大幅提升。苹果在推出首款Vision Pro时，虽已搭载当时最先进的M2芯片，但随着M3、M4芯片的快速迭代，高价位的Vision Pro在芯片配置上略显“保守”。此次升级至M5，或将使Vision Pro 2与同期发布的Mac电脑在性能上保持同步，避免重蹈覆辙。</p><p>外观方面，Vision Pro 2 极有可能将延续初代产品的造型。他强调：“苹果正为Vision头显系列酝酿多项创新，但至少有一版Vision Pro 2——假设它能如期问世——在外观上几乎与现款无异。真正的变革，在于其内核，尤其是处理器的全面升级。”</p><p>下一代Vision Pro可能往什么方向探索？</p><p>在邱宇彬看来，下一个阶段有可能是高端跟入门两个产品齐头并进。</p><p>一方面，现阶段较高端的装置仍会继续推行。“如果这个应用未来要替代目前手头上的笔记本，它在视觉体验上肯定不能有任何妥协，所以苹果仍会继续推进高端产品，只是在现有架构上再做降本。”邱宇彬表示。</p><p>另一方面，苹果可能会尝试推出一些较低成本的方案，产品的分辨率不需要做到那么高，开放给资金没那么充裕的开发商或勇于尝试新品的消费者。随着市场的扩大，相关开发商的兴趣也将与日俱增。</p><p>近眼显示市场仍在初期</p><p>从今年整体情况来看，近眼显示市场并没到爆发期。</p><p>TrendForce集邦咨询近日发布数据显示，预测2024年近眼显示设备规模（AR/VR/MR）出货量为940万台，对比2023年的950万台同比下滑2%。而日前Omdia最新预测数据亦显示，近眼显示设备的显示面板出货量预计将在2024年达到1721万片，与2023年大致持平。</p><p>“未来头戴装置量的增长是确定的，但可能在25、26年之前看不到爆发性增长的情况。”邱宇彬表示，有很多厂商推出芯片，但产品与消费者预想中的舒适、轻便和多元的体验仍有一定落差。因此很难产生绝对的爆款，而更可能是厂商们前赴后继地把市场份额垫高。</p><p>TrendForce集邦咨询预估，2025年近眼显示装置设备规模出货量增速有望达到57%，在2026年至2030年整体复合增速约为30%。但这个增速仅是基于目前近眼显示装置行业市场基数较低，即使每年三四十个百分点的增速也不算高，快速增长期可能表现为以每年翻倍的速度扩张。</p><p>TrendForce集邦咨询分析师万雯认为，无论是AR还是VR，产品如果要实现产业化，尺寸缩小化、轻薄化都是必由之路，尤其是AR眼镜更被期待是像佩戴普通眼镜一样，在重量上相差无几。</p><p>有业内人士对时代周报记者分析，XR在初始阶段面临着两大瓶颈：一是AI生态尚未成熟，没有办法为XR提供很好的支撑，“AI是XR产品的灵魂”；二是在硬件层面，电池、光学系统等，仍存在较大挑战。</p><p>对于近眼显示的国产显示屏供应商而言，他们尚未吃到苹果Vision Pro头显带来的蛋糕。“假设其出货量为50万台，那么大约对应到100万片屏幕，这些屏幕的供应几乎全部来自索尼。”邱宇彬说。</p><p>不过，未来这些厂商或也能从Vision Pro的经验中窥见机会。邱宇彬认为，Vision Pro的解法一方面是重新设计产品架构，另一条捷径是采取更多元的供应链策略。目前国内厂商在硅基OLED上的投入很积极，大厂在选择供应商时也会将这些厂商纳入名单之中。</p><p>对于供应链厂商而言，在产品规格上至少满足行业领导者10%的标准，并在价格上想办法做一些差异化，这很可能是他们接下来在业绩增长上可以仰赖的关键点之一。</p>,2024年11月18日 10:53,https://finance.sina.com.cn/tech/roll/2024-11-18/doc-incwmzst0492433.shtml,https://n.sinaimg.cn/spider20241118/100/w1280h420/20241118/e6fe-49a16f47aa9f56e6faecb6d5a0c4bf03.jpg,False,True
a02beb29eb6bc9f328943c6871ab3218,Redmi K80系列影像有重大升级：内含三摄 还有AI大模型,【TechWeb】这段时间以来，已经有包括小米15系列、荣耀Magic7系列、一加13、iQOO 13等多款骁龙8至尊版年度旗舰与大家见面，将2024年最终的旗舰大战掀到了高潮。而在接下来，还将有多款...,<p>【TechWeb】这段时间以来，已经有包括小米15系列、荣耀Magic7系列、一加13、iQOO 13等多款骁龙8至尊版年度旗舰与大家见面，将2024年最终的旗舰大战掀到了高潮。而在接下来，还将有多款主打性价比的骁龙8至尊版机型与大家见面，其中Redmi K80系列便是最受瞩目的一款。现在有最新消息，继外观和部分配置后，近日Redmi产品经理胡馨心进一步带来了该机在影像上的更多细节。</p><p>据Redmi产品经理胡馨心最新发布的信息显示，与此前曝光的消息基本一致，全新的Redmi K80系列此次将只推出Redmi K80和Redmi K80 Pro两款机型，取消了入门版机型Redmi K80E，并称Redmi K80系列的影像将有重大升级。据了解，此次Redmi K80系列将采用与小米Civi 4 Pro相似的环形相机DECO设计，内部一共包含有三颗摄像头，包含大底广角主摄、超广角以及直立长焦。同时预计Redmi K80 Pro还将接入AI大模型，基于AI技术，在超远变焦场景下，AI大模型可以对原始光学数据进行高精度重绘，进一步提升画面清晰度。</p><p>其他方面，根据此前曝光的消息，全新的Redmi K80系列将全系采用2K直屏，屏幕预计由华星提供，采用中置挖孔屏形态，其亮度、护眼、显示都将有大幅升级。硬件上，三款机型分别将搭载高通骁龙8 Gen3和骁龙8至尊版处理器，后者此前已经在小米15系列中使用，采用了台积电第二代3nm工艺，使用高通自研Oryon CPU，性能和功耗表现均非常出色。此外，该机支持超声波屏幕指纹，标准版将支持90W快充，而Pro版则将支持120W快充。</p><p>据悉，全新的Redmi K80系列将在11月与大家见面，将在本周开启预热，此前Redmi总经理王腾暗示该系列会涨价。更多详细信息，我们拭目以待。（Suky）</p>,2024年11月18日 10:50,https://finance.sina.com.cn/tech/roll/2024-11-18/doc-incwmzsu7154566.shtml,https://n.sinaimg.cn/tech/zcapp2018/doc_qrcode1.png,False,True
38f9d4f6a84879a66a03547082a98471,AI 可“听”出电池起火征兆，准确率达 94%,锂电池火灾一直是电动汽车和电子设备的严重安全隐患，为了解决这一问题，科学家们一直在努力探索各种方法。近日，一项新研究提出了一种利用声音来预警锂离子电池即将起火的方法。研究人员发现，在锂离子电池起火之前...,<p>锂电池火灾一直是电动汽车和电子设备的严重安全隐患，为了解决这一问题，科学家们一直在努力探索各种方法。近日，一项新研究提出了一种利用声音来预警锂离子电池即将起火的方法。</p><p>研究人员发现，在锂离子电池起火之前，内部压力会逐渐增加导致电池膨胀。由于电池外壳通常非常坚固且无法适应这种膨胀，因此电池中的安全阀将会破裂以释放压力。在这个过程中，安全阀的破裂会产生一种独特的咔哒声和嘶嘶声，类似于打开汽水瓶盖时产生的声音。</p><p>美国国家标准与技术研究所（NIST）的研究人员训练了一种机器学习算法来识别这种特殊的破裂声。他们与西安科技大学的实验室合作收集了38个爆炸电池的音频数据，并对这些数据进行速度和音调的调整，生成超过1000个独特的音频样本用于训练算法。</p><p>测试结果显示，该算法能够以94% 的准确率识别过热电池的破裂声。研究人员还测试了算法在各种背景噪音下的鲁棒性，包括脚步声、关门声和开瓶声等，发现只有少数噪音能够干扰算法的判断。</p><p>这项技术有潜力开发出一种新型火灾报警器，在家庭、办公室、仓库和汽车停车场等场所安装后，可以提前发出警报，并为人们提供充足的撤离时间。研究人员表示，在未来的研究中将继续改进算法并深入探索声音预警锂离子电池火灾的可能性。</p>,2024年11月18日 10:20,https://finance.sina.com.cn/tech/roll/2024-11-18/doc-incwnfyr0398005.shtml,https://n.sinaimg.cn/tech/zcapp2018/doc_qrcode1.png,False,True
a1da409c73d2a3e01fceb8734fb4e97d,知乎直答亮相“学术酒吧”开放麦，李开复、刘知远相聚“AI上头俱乐部”,11月15日，知乎于北京举办了一场别开生面的学术酒吧活动—AI上头俱乐部。零一万物 CEO、创新工场董事长李开复，清华大学副教授刘知远，上海交通大学副教授、无问芯穹联合创始人兼首席科学家戴国浩等数十位...,<p>11月15日，知乎于北京举办了一场别开生面的学术酒吧活动—AI上头俱乐部。零一万物 CEO、创新工场董事长李开复，清华大学副教授刘知远，上海交通大学副教授、无问芯穹联合创始人兼首席科学家戴国浩等数十位AI领域领军人物，共同探讨了人工智能的最新发展和未来趋势。此外，知乎直答产品负责人马奎及多位知乎答主登上现场开放麦，在轻松的氛围中交流AI行业背后的故事。（雷峰网(公众号：雷峰网)雷峰网雷峰网）</p><p>（学术酒吧现场）</p><p>知乎首场学术酒吧的学术氛围如同专题论坛。零一万物CEO、创新工场董事长李开复率先与北京智星青年人才科技创新研究院技术副院长苏洋，进行了一场题为《中美人工智能竞争视角下中国企业的第二条路》的对谈。李开复表示，作为大模型独角兽零一万物的一个策略是，用“模型➕AI infra➕应用”共创的三位一体布局，以最少的训推成本训练出世界第一梯队的模型，而且更快更好更便宜，“我们的目标与世界顶级的差距始终保持在六个月之内。我们的新旗舰模型Yi-Lightning近期在世界权威盲测LMSYS中排名世界第六，超过了GPT-4o（5月版本），这也是中国大模型此榜单历史最佳成绩，而且我们的推理成本仅是GPT4的3%。”</p><p>李开复表示：“以Open AI为代表的美国公司创新能力引领全球，中国大模型创业者勤奋努力，有世界顶尖的工程能力和强大的执行力，这些要素不仅让我们能‘多快好省’训出顶尖模型，加速大模型价格普惠点到来，还能迎合中国巨大的市场，丰富的落地场景引爆AI应用时代的到来。这为我们提供了一个独特机遇，在AI-first新时代占据领先地位。”</p><p>（零一万物 CEO、创新工场董事长李开复）</p><p>清华大学副教授刘知远，在自然语言处理、深度学习、机器学习等领域有着深厚的学术造诣和丰富的研究成果，2022年参与创建了面壁智能并担任首席科学家。他带来了题为《大模型知识密度定律》的议题分享，对大模型之于人类社会的未来做出了多项判断。刘知远认为，大模型技术目前只是打开了一个门缝，未来“全球智能体将互相形成智能体网络，迎来人工智能第二次涌现”。</p><p>（清华大学副教授刘知远）</p><p>除了专业、深度的主题分享，知乎学术酒吧别出心裁设置了开放麦环节，带来一场AI行业的线下脱口秀。知乎直答负责人马奎以《当一款AI产品上线新功能之后》为题，讲述了产品上线前后的历程。马奎透露知乎直答的专业搜索功能被要求“尽量10月底”上线，“你们懂的，翻译翻译，就是必须完成”。也正因为如此，知乎直答相比国外大厂发布同类功能提早了一天，创造了一个“第一”。现场，知乎直答专业搜索功能受到了李开复、刘知远等一众AI领军人物的夸赞，马奎表示“这让人很上头”也坚定了产品的发展信心。</p><p>（知乎直答产品负责人马奎）</p><p>“凡事可以问 AI 的时代，人们还需要什么样的科普内容创作”，年度新知答主、高能物理学博士子乾以此为题进行了分享，其表示“越是在AI时代，人们越是需要有人情味的内容，科普创作者更要热爱生活”。AI创业者李博杰带来了题为《漏洞&Bug——有哪个瞬间让你觉得这个世界出bug了？》的开放麦表演，其围绕自己过往经历调侃了现实世界中的种种漏洞。</p><p>作为学术酒吧的主办方，知乎也展示了最新的AI“学术”进展：于10月底知乎直答正式上线的“专业搜索”功能。为了检验这项产品能力，清华大学副教授刘知远，上海交通大学副教授、无问芯穹联合创始人兼首席科学家戴国浩在演讲之后，向其“投喂”了两篇学术论文，知乎直答均给予了准确、翔实的解析，赢得了在场专业人士的喝彩与认可。</p><p>知乎直答自今年6月上线以来，凭借优质内容语料优势和搜索结果的超强溯源能力，被视为“中文版Perplexity”。此番专业搜索的推出，标志着知乎直答成为国内首家提供AI搜索与正版论文库一站式解决方案的产品，其引入维普、知乎精选等专业内容源，涵盖超过5000万篇中英文文献数据，极大满足广大用户对于高质量信息的需求。</p><p>近200位AI领域从业者参与了这场知乎学术酒吧“AI上头俱乐部”交流，分享者以轻松自在的形式分享思考与见解，参与者遇见志同道合的朋友，收获思想碰撞的奇妙火花。从线上专业讨论到线下学术酒吧，知乎作为AI行业的第一讨论场，正吸引越来越多从业者的关注，共同思考和探索人工智能的未来。</p>,2024年11月18日 10:09,https://finance.sina.com.cn/tech/roll/2024-11-18/doc-incwmzsw3919847.shtml,https://n.sinaimg.cn/spider20241118/420/w732h488/20241118/9763-f3ae20d99536c4f6979a60b68b933262.jpg,False,True
7b47cfdb47caa260f010870ea618c97d,“AI长头发”特效爆火背后：美图AI图像、AI视频能力再度升级,近日，继AI捏捏特效成功出圈后，美图秀秀和Wink上线了AI脑洞特效“AI长头发”特效，支持一键生成飘逸长发，轻松打造百变造型。此次推出的AI长头发特效，涵盖了空气感长发、慵懒长卷、微卷短发等多种选择...,<p>近日，继AI捏捏特效成功出圈后，美图秀秀和Wink上线了AI脑洞特效“AI长头发”特效，支持一键生成飘逸长发，轻松打造百变造型。</p><p>此次推出的AI长头发特效，涵盖了空气感长发、慵懒长卷、微卷短发等多种选择，只需上传照片就能让人物或物体瞬间拥有头发的造型。细节处理也十分到位，人脸或者动物脸特征保留完整，发丝间的光影变化和发梢的动态效果都极具真实感。无论是温柔浪漫的韩系长发，还是充满艺术气息的优雅造型，甚至是反差强烈的搞笑效果，都能轻松驾驭。</p><p>与此同时，这一功能还解决了不少用户在使用外网类似应用时的痛点。相较于外网应用生成门槛高、时效慢以及存在一定支付成本的问题，美图秀秀和Wink的AI长头发特效操作简单，并免费开放试用，对国内喜欢尝试AI创意玩法的用户非常友好。</p><p>随着AI长头发特效的走红，越来越多的用户开始通过#Wink脑洞特效#、#ai生发#、#一种很新的po图方式#、 #长头发特效#等热门话题分享他们的作品。其中社交平台爆火的一篇美图秀秀AI长头发的原创视频浏览量已超450万次，互动量已超20万次，有趣搞怪的AI玩法让用户们大呼好玩。在视频下方的热评留言中很多用户表示“头发像喷泉一样喷出来了”“谢谢兄弟让我无趣的人生大笑””真的很难忍住不笑“。</p><p>用户白白在体验了AI长头发特效后留言：“这个特效太好玩了，我给我的狗狗加上了长发，就像个可爱的小姐姐。”短发女生Karen也表示，“没想到自己也可以尝试那么多种不同风格的长发，感觉像换了个头，太神奇了。”</p><p>不少男性用户也纷纷尝试这款功能，从宝贝到姐妹一键切换，体验一把“长发飘飘”的感觉，打破了以往的形象局限。而当雕塑名画、动物等元素加入长发造型，更是让人眼前一亮，带来了现代感十足的视觉冲击。</p><p>据悉，美图秀秀、Wink背靠近期图像能力和视频能力两次升级的美图奇想大模型。目前该大模型已支持超短文本到超长文本的内容输入，能精准理解多元风格与复杂场景。</p><p>行业分析人士表示，近年来，AI玩法持续出圈，大众对于AI效果的接受度不断提高。美图旗下产品此次推出的AI长头发特效，为国内同类应用提供了AI脑洞玩法的新思路，也展示了AI技术在图像编辑领域的巨大潜力。随着技术的持续进步，AI玩法有望成为未来社交媒体发展的重要趋势之一。</p>,2024年11月18日 10:07,https://finance.sina.com.cn/tech/roll/2024-11-18/doc-incwnfyu3825892.shtml,https://n.sinaimg.cn/tech/zcapp2018/doc_qrcode1.png,False,True
c9c85a4f9079723039b16f2bbca6c01a,20人，2024年度中国人工智能学会会士增选公示,根据《中国人工智能学会章程》《中国人工智能学会会士评定工作办法》，学会于2024年2月启动中国人工智能学会会士候选人提名工作。经学会会士提名、会士评定工作委员会办公室审查、会士评定专家委员会审议投票等...,<p>根据《中国人工智能学会章程》《中国人工智能学会会士评定工作办法》，学会于2024年2月启动中国人工智能学会会士候选人提名工作。经学会会士提名、会士评定工作委员会办公室审查、会士评定专家委员会审议投票等程序，评选出乔红、管晓宏等20位会士人选。现将名单予以公示，公示期为5个工作日（自2024年11月16日至11月22日）。</p><p>任何单位和个人如对公示的评审结果持有异议，请在11月22日24时前实名向中国人工智能学会会士评定工作委员会办公室提出，凡匿名异议不予受理。</p><p>地址：北京市海淀区西土城路10号北京邮电大学明光楼606室</p><p>邮编：100876</p><p>电话：010-6228391913240274156</p><p>邮箱：zhb@caai.cn</p><p>?</p>,2024年11月18日 10:06,https://finance.sina.com.cn/tech/discovery/2024-11-18/doc-incwmzsu7141732.shtml,https://n.sinaimg.cn/tech/zcapp2018/doc_qrcode1.png,False,True
77af470d1f732141b96ccbb8554ac5f0,2025福布斯中国人工智能科技企业TOP50 评选正式启动,根据GrandViewResearch预估，从2024年到2030年，全球AI市场规模将以36.6%的复合年增长率(CAGR)快速增长。紧随时代发展潮流，作为全球AI领先国家之一，中国近年来进一步强化...,"<p>根据GrandViewResearch预估，从2024年到2030年，全球AI市场规模将以36.6%的复合年增长率(CAGR)快速增长。紧随时代发展潮流，作为全球AI领先国家之一，中国近年来进一步强化了对AI及其相关产业的指引和投入，并获得了丰硕的成果。据《中国新一代人工智能科技产业发展报告2024》研究显示，目前中国人工智能企业数量已经超过4,400家，并构建起包括智能芯片、大模型、基础架构和操作系统、工具链、深度学习平台和应用技术在内的人工智能技术体系、产业创新生态和企业联盟。而在人工智能应用领域，中国人工智能已被广泛应用于包括智慧城市、智能制造、智慧农业、智能教育、智能医疗、AIfor science在内的20多个细分领域。</p><p>面对错综复杂的国际竞争形势，人工智能是中国进一步提升国力和国际竞争力的关键力量。但在人工智能基础层，中国仍面临着来自底层技术的挑战，亟需实现关键核心技术的突破。此外，人工智能科研成果的落地转化也是至关重要的环节。科研诞生成果，资本助推项目，企业创造产品，三者紧密相连，共同推动AI产业的发展。</p><p>作为在全球具有广泛影响力的商业媒体，福布斯中国长期关注人工智能为商业世界带来的变革，以及其对经济社会产生的深远影响。在科技、商业、资本交融互织的世界里，创新人工智能企业和领军人物是核心要素，是勇敢的变革者，更是未来的引领者。</p><p>2024年福布斯中国人工智能科技企业评选涵盖了具身智能、芯片半导体、智慧医疗等多个核心赛道，评选出了TOP50企业以及在创新技术、场景应用、新锐企业和影响力人物等方面的佼佼者。评选活动不仅展示了人工智能领域中取得斐然成绩的标杆企业及人物，还分享了他们的成功模式和发展路径，为行业提供了宝贵的经验和启示。我们欣喜的看到了中国人工智能行业的范围不断拓宽，AI正以蓬勃发展的态势渗透入各行各业中。</p><p>站在新一轮科技革命与产业革命的重要节点，继2024年福布斯中国人工智能科技企业评选及峰会取得巨大成功和广泛反响后，福布斯中国携手福世合仑，隆重宣布""2025福布斯中国人工智能科技企业TOP50评选""正式启动并开放申报！</p><p>此次评选将继续聚焦中国人工智能产业核心赛道，寻找和甄选中国AI领域内具有影响力和代表性的企业和人物，更好地展示和致敬为中国AI事业做出卓越贡献的优秀企业和杰出人物。与此同时，积极助力地方经济及产业园区的转型升级，发布人工智能产业领域的发展战略及规划，构建更加高效的产业资源共享平台，共同推动中国人工智能产业走向更广阔的未来。</p><p>2024福布斯中国人工智能科技企业峰会</p><p>2024福布斯中国人工智能科技企业评选奖杯</p><p>本次评选邀请到多位全球及国内知名人工智能领域学者和权威人士组成评委会。评委们将以公正、客观、专业的态度，对候选企业和候选人进行审慎评估，以确保评选过程的公平与客观。</p><p>本次评选从即日起开启报名，报名链接及评选详情请见下文：</p><p>评选详情</p><p>SELECTIONDETAILS</p><p>01评选构成</p><p>● 主评选：2025福布斯中国人工智能科技企业TOP50</p><p>主评选将根据技术创新能力，市场表现，成果应用及实际影响，团队与文化，投融资情况，长期愿景和战略规划等多个纬度进行综合考评。</p><p>● 子评选：</p><p>人工智能创新技术评选：表彰在人工智能技术研发和创新领域取得显著成就的企业。特别关注在机器学习、深度学习、自然语言处理等关键技术领域实现重大突破，并成功将这些技术应用于实际产品或服务中的企业。</p><p>人工智能创新场景应用评选：表彰在人工智能应用层面展现出卓越创新实践的企业，包含但不限于具身智能、AI+金融、AI+医疗、AI+教育等等，这些企业通过创新的解决方案，将人工智能技术应用于新的或现有场景，创造出显著的商业价值和社会效应。</p><p>人工智能新锐企业评选：表彰在人工智能领域中表现突出的新兴创业公司，包含但不限于创新的技术、经过市场验证的商业模式等，这些公司在初创阶段就展现出强大的市场潜力和成长性。</p><p>人工智能影响力人物评选：表彰在人工智能领域具有显著影响力的个人，为此我们设立若干单项奖，包含但不限于领军科学家、AIYOUTH 、AI创投人等，入选者将涵盖企业、科研、机构、协会、投资、媒体等多个领域。</p><p>02评选方式和维度</p><p>● 通过企业自主报名、权威专家推荐和大数据库筛选等多种渠道收集信息。</p><p>● 评选维度包括但不限于：技术创新能力：考察企业的研发投入、专利数量与质量、技术创新奖项等。</p><p>● 市场表现：评估企业的市场份额、营收增长、行业排名等。</p><p>● 成果应用与实际影响：分析企业创新场景应用案例及其行业和社会影响。</p><p>● 投融资状况：考察企业的融资轮次、金额和投资方等。</p><p>● 可持续发展潜力：评估企业的未来发展规划和竞争优势。</p><p>● 团队文化：考察企业的团队背景、文化价值观和团队荣誉。</p><p>03报名/评选时间：</p><p>● 申报时间：即日起至2025年2月28日</p><p>● 评选时间：2025年2月至4月</p><p>● 评选结果公布：2025年4月</p><p>● 峰会&颁奖典礼：2025年4月</p>",2024年11月18日 10:06,https://finance.sina.com.cn/tech/roll/2024-11-18/doc-incwnfyr0398042.shtml,https://n.sinaimg.cn/tech/zcapp2018/doc_qrcode1.png,False,True
c7bd8a01591f591e5e53a19437ca5137,网红神车真实订单仅2%，马斯克还真不在乎,尽管Cybertruck依然足够吸睛，但已经不再具备初期被网红用来炫耀的价值。特斯拉Cybertruck又召回了，这已经是今年的第五次了。随着上市接近一年时间，这款网红神车的热潮逐渐退去，其真实订单只...,"<p>尽管Cybertruck依然足够吸睛，但已经不再具备初期被网红用来炫耀的价值。</p><p>特斯拉Cybertruck又召回了，这已经是今年的第五次了。随着上市接近一年时间，这款网红神车的热潮逐渐退去，其真实订单只有此前预定量的2%。不过，处于人生巅峰的马斯克根本不用在乎。一年之内五次召回美国国家高速公路交通安全管理局(NHTSA)上周三宣布，特斯拉将从12月9日开始召回2400辆Cybertruck，理由是车辆可能存在缺陷而失去动力，从而增加事故风险。此次问题无法通过软件补丁修复。特斯拉提交的召回报告显示，此次召回涉及 Cybertruck 驱动逆变器中的故障组件，该逆变器负责控制电动机的扭矩。召回通知指出，从去年11月到今年7月底之间生产的共计2431辆Cybertruck存在金属氧化物半导体场效应晶体管(MOSFET)故障，可能会导致车辆突然失去扭矩，从而失去动力。召回报告显示，特斯拉从7月底开始收到客户关于突然失去动力的投诉，从8月开始调查此问题。经过两个月的研究，特斯拉在10月发现了配备MOSFET组件的驱动逆变器的失效率有所增加。目前已经有五起与此问题相关的保修索赔，但目前还没有碰撞、伤害或死亡事件。特斯拉表示：“(如果出现失去动力)，之前不会有任何警告。然而，当驾驶员无法施加扭矩时，车载界面会立即显示警告，并提示驾驶员将车辆安全停靠在路边。”特斯拉表示，将从下月开始提供替换部件，但计划明年1月再通知车主相关问题和解决方案；2024年7月30日之后生产的 Cybertruck已采用改良后的驱动逆变器。刚刚上市不久的车型被召回并不奇怪。但Cybertruck的召回似乎有点频繁。实际上，这已经是特斯拉今年第五次召回Cybertruck了，几乎是每两个月就要召回一次。有两次是通过软件更新OTA升级解决，而其他三次则是硬件问题需要物理修复。简单回顾下Cybertruck今年的召回：2月份因为特斯拉仪表盘面板字体过小，召回总计220万辆各款车型，当时只有极少数Cybertruck交付；4月份召回近4000辆，因为加速踏板可能卡住；6月份召回1.16万辆，因为前挡风玻璃的雨刷器可能失灵；10月份召回2.71万辆，因为倒车影像显示延迟。尽管特斯拉向来以碰撞安全指标著称，在NHTSA和欧洲新车安全评鉴协会(NCAP)的测试中均获得五星评级，但他们的召回数量同样是名列前矛。汽车数据分析网站 iSeeCars根据NHTSA的召回数据统计，特斯拉Model Y、3、S 和 X 占据了美国车型召回榜前七名中的四个位置。尽管 Cybertruck 还未被列入榜单，但以目前已经六次召回趋势来看，这似乎只是时间问题。网红名人炫耀神车自从2019年11月正式发布以来，充满科幻风的Cybertruck就始终成为社交媒体的关注焦点。这辆尺寸巨大的皮卡几乎完全颠覆了传统汽车设计风格，与其他同类车型有着显著的差别，更在诸多车型中异常突出。车身采用楔形外观，线条非常硬朗且富有棱角，完全抛弃了传统车辆的流线型设计，给人以未来科幻风格。整车外观极其简洁，没有多余的装饰或复杂的曲面，显得更加科技感十足。而且，车身由超硬冷轧30X不锈钢制成，无需额外涂层或喷漆，呈现出银色金属光泽，显得极为独特。特斯拉表示，不锈钢外壳具有超强的抗冲击性和耐用性，可以抵御轻武器的弹道冲击和锤击。高达14,000 磅(约6.35吨)的牵引能力，更是碾压了多数传统皮卡。马斯克提到，Cybertruck的设计受到了电影《银翼杀手》中相关未来车型的影响。这种独特的科幻设计风格，再加上马斯克超强的个人营销影响力，以及特斯拉在电动车以及辅助驾驶行业的技术领先地位，使得Cybertruck立即吸引了所有人的注意。据马斯克表示，Cybertruck发布一周之内就收到了25万份预定。当然，和所有特斯拉其他车型一样，Cybertruck的上市时间也是不断推迟。当初发布的时候，马斯克宣布Cybertruck会在2021年底开始量产，但因为各种内部技术和外部供应链问题，Cybertruck的量产时间连续三次推迟，直到2023年底才开始正式交付，到今年年初才开始大规模量产交付。今年Cybertruck开始交付之后，更是成为了名人网红吸引粉丝的流量。顶流网红金卡戴珊发布每条社交媒体广告收费超过百万美元，但今年2月她却连续数次炫耀自己刚刚到手的Cybertruck。这些都成为了特斯拉免费的广告。更多的网红拿着Cybertruck进行各种极端测试，甚至对着车身开枪射击来展示Cybertruck的防弹功能。根据网红博主内尔森(Zack Nelson)的测试，Cybertruck的不锈钢车身的确可以抵挡9mm以下的子弹，遇到较大口径就无能为力了。需要强调的是，Cybertuck的玻璃并没有防弹性能。产能低下带来严重缺货，也让Cybertruck一度成为了某些经销商的挣钱资本。今年4月，美式足球明星艾尔布朗(Ayir Brown)甚至愿意加价10万美元，以20-25万美元的价格购买一辆Cybertruck。但在朋友的劝说下放弃了这一想法。极高的关注度，再加上推迟两年量产，在一定程度上刺激了Cybertruck的预定量。而且，美国消费者只要支付100美元定金就可以预定Cybertruck，等待量产排期到了再支付剩余款项，而且定金随时可以全额退还。行业分析机构预计，Cybertruck发布两年之后预定量超过100万辆，甚至有媒体预计有两百万订单。马斯克曾经预计，按照特斯拉的产能，可能要到2027年才能完成量产之前累计的这些预订单。尺寸太大日常受限随着Cybertruck交付量逐渐增加，这车的真实体验也逐渐为人所知。Cybertruck巨大的尺寸或许是很多车主放弃预定的主要原因：无法停入标准车库，只能无奈放弃预定。一名纽约郊区特斯拉车主最近在Facebook的Cybertruck车友群表示，自己驾驶Cybertruck来到曼哈顿的时候，却发现接连遭到多家停车场的谢绝入内。根据这位车主了解，停车场是在保险公司的要求下拒绝Cybertruck入内的。目前还不知道保险公司为何歧视对待Cybertruck，但在遍地豪车的曼哈顿，显然不是因为Cybertruck车价太贵。据车主猜测，一个可信的理由是，保险公司担心Cybertruck巨大的体积，在曼哈顿狭小的地下停车场，会容易碰撞剐蹭到其他车辆，带来毫无必要的保险支出。又或许保险公司近期遭遇了Cybertruck在停车场剐蹭碰撞的事故，所以干脆一刀切拒绝Cybertruck入内。毕竟Cybertruck车身尺寸巨大(长5.89米，宽2.03米，高1.9米)，本身就比其他大型SUV和普通皮卡更大，而且因为独特的直角造型和不锈钢外壳，更增加了视觉效果。和Cybertruck一个体积的车型都是全尺寸皮卡，而很少有人会开着福特F-150这样的皮卡车来到曼哈顿拥挤的闹市区停车场。同样拒绝Cybertruck的，甚至还有洗车店。据一位新泽西州的Cybertruck车主则表示，自己跑了几家洗车店，发现他们都拒绝给Cyberturck提供洗车服务，而理由也是车身太长，可能会损坏洗车店的设备和其他车辆。Cybertruck甚至遭到了美国车辆保险商的抵制。近期多名Cybertruck车主在Reddit论坛上抱怨，美国几大保险公司Geico和State Farm拒绝承保他们的Cybertruck。一名车主表示，自己家里有8辆车，但Geico却唯独拒绝承保Cybertruck，理由是“这类车不符合我们的承保标准。”另一位车主则表示，Geico拒绝的理由是“他们不承保超过10万美元的豪车”。还有一些车主也抱怨，Geico将他们Cybertruck的保险从私人乘用车保险(PPA)变成了更为昂贵的商业保险，理由是Cybertruck的过于沉重以及可能难以获得维修部件。在媒体曝光此事之后，美国第二大车辆保险公司Geico官方回应称，他们并没有拉黑Cybertruck，这些车主的遭遇可能是因为具体的原因，保险公司会根据每名用户的具体情况做出决定。实际订单率只有2%随着Cybertruck的产能逐渐提升，道路上可以看到的车辆日见增多，尽管Cybertruck依然足够吸睛，但已经不再具备初期被网红用来炫耀的价值。在最初的热潮退却之后，特斯拉也发现Cybertruck的真实订单数量远远低于预期。由于最初Cybertruck产能有限，特斯拉优先组装定价超过10万美元的Foundation高配版，但近期他们已经开始生产8万美元的中配版本。美国消费者惊讶地发现，现在下单十天就可以提取到Cybertruck现车。诸多Cybertruck车友社区都可以看到类似的分享：10月份才预定8万美元的中配版，10天之后就可以直接提车。这表明，Cybertruck的累计预定量已经被消化完毕。利率高昂和经济不确定性或许是影响潜在车主下单预定Cybertruck的重要原因。目前美国利率依然处在高位，直接影响了消费者贷款购车的意愿，而经济前景不确定也让很多消费者暂时打消了下单豪华皮卡车的想法。现在已经不是消费者排队等着提车，而是特斯拉在努力寻找新买家。特斯拉并没有在财报中公布Cybertruck的具体销量，但媒体预计今年前三个季度特斯拉累计交付了2.825万辆Cybertruck。如果按照超过百万预定量来计算，则意味着真实订单比例只有2%。对于一辆电动皮卡来说，这已经是个相当不错的数字。相比之下，福特F-150 Lightning电动皮卡今年前三个季度的销量为2.28万辆，低于Cybertruck。而且，因为销量疲软，福特已经决定从11月中旬开始暂时停产F-150 Lightning，此次停产为期六周，将在1月初恢复生产。需要指出的是，特斯拉Cybertruck目前只在美国和加拿大正式上市销售，随着更多国际市场的开放预定，其销售数据还会进一步增长。但特斯拉尚未公布其他市场的上市计划与时间表。在全球最大的新能源车市场中国，Cybertruck可能会在明年年中正式上市后轮驱动版。相比其他畅销的特斯拉车型，Cybertruck属于皮卡车，可能需要进行适应性改进，以符合中国监管法规和消费者需求。人生巅峰的马斯克或许Cybertruck前卫的造型、巨大的尺寸和高昂的售价，让其很难像Mode 3和Y那样成为特斯拉的主力销售车型，其最初的热度也无法真正转化为实际销量。不过，正处在人生巅峰的马斯克并不在乎这些。在2024年大选中，马斯克累计投入了近两亿美元，帮助前总统、共和党候选人特朗普再次当选。他在2022年斥资440亿美元收购的社交媒体巨头推特(已改名为X)更是发挥了巨大的作用。特朗普当选之后，“册封”马斯克领导政府效率改革部门，负责精简美国各大政府机构的预算与人员。现在的马斯克，已经不仅仅是科技创新领袖，他甚至成为约翰-皮尔庞特-摩根(John Pierpont Morgan，摩根银行创始人)之后美国最具政治影响力的的商业领袖，可以直接影响到美国经济外交政策的制定，甚至凌驾于原先的诸多监管部门之上。这是他梦寐以求的权力地位。美国司法部、国际贸易委员会(FTC)、证券交易委员会(SEC)、美国高速公路安全管理局(NHTSA)、五角大楼、美国国家航空航天局(NASA)，这些特斯拉和SpaceX的直接监管部门和利益相关部门，未来都会受到马斯克“提升政府效率”的直接影响。这些监管机构至少已经对马斯克旗下公司展开了20多次调查甚至诉讼，未来是否还能有效监管特斯拉，将成为一个巨大的疑问。而特斯拉自动驾驶的监管难题，在特朗普政府时期也将前景一片光明。在美国大选结果公布之后，特斯拉股价已经累计上涨了40%，市值再度突破了1万亿美元关口。与此同时，SpaceX估值也超过了2500亿美元，xAI估值突破了500亿美元，马斯克的个人资产也因此突破了3000亿美元，成为第一位达到3000亿美元关口的超级富翁。无论是否认同马斯克的政治立场和商业操作，都很难否认一个事实：他每一次孤注一掷地押注都赢了。无论是当初投资特斯拉，还是创建SpaceX，马斯克曾经数次面临背水一战的困境，如果后续不成功，就意味着破产。然而，他都挺了过来，最终成为了全球首富。而这一次，他将特朗普再次送入白宫，成为直通白宫的美国总统最为信任的超级红人，收获的商业回报更是难以估量。</p>",2024年11月18日 09:56,https://finance.sina.com.cn/tech/roll/2024-11-18/doc-incwmvkv0584810.shtml,https://n.sinaimg.cn/tech/zcapp2018/doc_qrcode1.png,False,True
12251689e60d8ec2613acf4273aed7b8,马斯克与OpenAI高层恩怨曝光,近日，埃隆·马斯克对OpenAI的诉讼进行了升级，新增了微软公司等多个被告。这一举动不仅吸引了公众的广泛关注，还意外揭露了马斯克与OpenAI之间早期的一些矛盾，特别是马斯克曾希望成为OpenAI C...,<p>近日，埃隆·马斯克对OpenAI的诉讼进行了升级，新增了微软公司等多个被告。这一举动不仅吸引了公众的广泛关注，还意外揭露了马斯克与OpenAI之间早期的一些矛盾，特别是马斯克曾希望成为OpenAI CEO但被拒绝的情况。</p><p>最新的诉讼文件包含了一批在OpenAI创建初期，马斯克、萨姆·奥特曼以及其他OpenAI高管之间的邮件交流。邮件显示，OpenAI的首席科学家伊利亚·苏斯克沃曾明确表达了高层为何不愿让马斯克领导公司的理由。苏斯克沃担心，尽管马斯克口头上表示不寻求控制未来可能出现的通用人工智能（AGI），但在实际谈判中，他表现出了对绝对控制权的强烈愿望。这种矛盾导致OpenAI高层认为，如果马斯克担任CEO，他可能会在未来的AGI发展中采取独裁方式，这与OpenAI避免AGI独裁的初衷相冲突。</p><p>此外，邮件还揭示了苏斯克沃对奥特曼的担忧，指责他在与董事会的沟通中缺乏透明度，并对其动机和政治目标表示质疑。这与去年OpenAI董事会决定驱逐奥特曼的事件相呼应。</p><p>另外，邮件还提到，早在2017年，OpenAI曾认真考虑收购或合并芯片制造商Cerebras，甚至可能借助特斯拉的资源。然而，这一潜在交易最终并未实现，邮件中并未说明具体原因。</p><p>当马斯克试图将OpenAI纳入其旗下资产时，OpenAI的领导层对此持开放态度。然而，由于双方在控制权等关键问题上存在分歧，双方未能达成协议。</p>,2024年11月18日 09:51,https://finance.sina.com.cn/tech/roll/2024-11-18/doc-incwnfyr0397462.shtml,https://n.sinaimg.cn/tech/zcapp2018/doc_qrcode1.png,False,True
6c7ae6aa1ec78d8a5f89bb0ff0ad7d93,AI大数据加速发展，佳都科技参股公司睿帆科技获评国家级专精特新“小巨人”,近日，第六批国家级专精特新“小巨人”名单公布，上市公司佳都科技（股票代码:600728）参股公司睿帆科技成功入选本批国家专精特新“小巨人”企业。据了解，睿帆科技此前已是广东省“专精特新”中小企业、广州...,<p>近日，第六批国家级专精特新“小巨人”名单公布，上市公司佳都科技（股票代码:600728）参股公司睿帆科技成功入选本批国家专精特新“小巨人”企业。</p><p>据了解，睿帆科技此前已是广东省“专精特新”中小企业、广州“未来独角兽”创新企业，此次又成功入选国家级专精特新“小巨人”，标志着其在大数据领域的关键技术创新与产业规模化应用得到了国家层面的高度认可。</p><p>从业务方面来看，睿帆科技多年来持续深耕大数据技术创新与应用，围绕数据全生命周期，构建了以“数据库+大数据平台”为核心，涵盖数据资产管理、数据建模、数据智能、大模型等解决方案的产品服务体系。目前，睿帆科技的产品已在数百位政企用户的核心系统中形成规模化应用，覆盖政务、轨交、通信、金融、应急、公安等多个领域，并在通信运营商、政务、交通等细分市场行业占有率达行业领先水平。</p><p>佳都科技作为睿帆科技的重要股东，直接持有其17%的股份，此外，佳都科技参股的花城创投所管理的基金亦持有睿帆科技11%股份。密切的交流使双方在技术与业务上的协同性进一步显现。自2019年开始，佳都科技联合睿帆科技与广州地铁进行合作，借助睿帆自主研发的大数据科学平台等技术，打造了广州智慧地铁示范站，助力轨道交通数字化转型，成功入选“2022年广州市数字经济典型应用场景”。</p><p>近年来，佳都科技全面聚焦人工智能建立AI及大数据生态圈，接连参股投资云从科技、睿帆科技、思必驰科技、Unity中国等一批人工智能技术企业，并与中国科学院、清华大学、中山大学、西南交通大学、华南理工大学等知名院校建立专项技术研发合作，使研发团队与业界前沿技术企业和专家保持密切交流，形成对人工智能各个领域的前沿洞察力。</p><p>作为睿帆科技的重要参股方，佳都科技一直积极支持睿帆科技的技术创新和市场拓展。此次睿帆科技入选国家级专精特新“小巨人”企业，不仅是对睿帆科技核心竞争力的认可，也为佳都科技与睿帆科技未来在智慧交通领域的合作提供了更广阔的发展空间。业内人士对此分析，随着睿帆科技在科技研发上的进一步开拓，其与佳都科技在交通数字化市场或将形成更有效的良性促进。</p>,2024年11月18日 09:48,https://finance.sina.com.cn/tech/roll/2024-11-18/doc-incwmzsw3922797.shtml,https://n.sinaimg.cn/tech/zcapp2018/doc_qrcode1.png,False,True
acf830bc5e69bbcf5bc824b5f87942ad,苹果AirTag 2或将在2025年春季推出 增加内置扬声器,苹果AirTag 2或将在2025年春季推出 增加内置扬声器【CNMO科技消息】自2020年苹果推出物品追踪配件AirTag以来，已经过去了三年多的时间。根据最新报道，苹果正在研发第二代AirTag，...,<p>苹果AirTag 2或将在2025年春季推出 增加内置扬声器</p><p>【CNMO科技消息】自2020年苹果推出物品追踪配件AirTag以来，已经过去了三年多的时间。根据最新报道，苹果正在研发第二代AirTag，并计划为这一更新版本加入一系列全新功能。AirTag 2预计将在2025年春季与新款iPad Air和搭载M4芯片的MacBook Air一同发布。</p><p>AirTag自问世以来，帮助无数用户找回遗失或错放的物品，甚至在行李丢失的情况下提供了重要的追踪支持。未来，苹果还计划为AirTag增加更多功能，包括与航空公司合作，通过物品位置共享功能协助用户定位遗失行李。</p><p>据《Power On》通讯作者Mark Gurman透露，AirTag 2将于2025年春季发布，这一时间与知名分析师郭明錤的预测存在差异。郭明錤此前表示，AirTag 2的量产时间已从今年第四季度推迟到明年，但未说明具体原因。尽管如此，两位分析师均预计，苹果将于明年正式推出第二代AirTag。</p><p>根据现有爆料，AirTag 2的硬件将得到显著升级。新款配件可能会采用苹果第二代超宽带（Ultra Wideband）芯片，与去年推出的iPhone 15系列所搭载的芯片类似。该芯片的加入将大幅提升AirTag 2的定位精度和范围，为用户提供更可靠的追踪体验。</p><p>此外，AirTag 2还将配备内置扬声器，作为防止被恶意跟踪的重要措施。这一功能将进一步增强用户隐私保护，同时保持与当前一代相似的设计外观。</p><p>郭明錤还提到，AirTag 2将与苹果的混合现实头显Vision Pro实现整合，但具体实施方式尚未明朗。这一功能可能为用户带来全新的物品追踪体验，比如通过增强现实显示AirTag的精确位置，甚至结合Vision Pro的视觉技术提供更多创新应用。</p><p>版权所有，未经许可不得转载</p><p>（本文来自于手机中国）</p>,2024年11月18日 09:30,https://finance.sina.com.cn/tech/roll/2024-11-18/doc-incwmzsr3711269.shtml,https://n.sinaimg.cn/spider20241118/188/w600h388/20241118/dbf6-d8008cc934dd26c01460efadbdf7379e.jpg,False,True
f11fc3d7eb074f2a6d9a0ae7f1ab8f15,网红神车真实订单仅2%：但马斯克不在乎,特斯拉Cybertruck又召回了，这已经是今年的第五次了。随着上市接近一年时间，这款网红神车的热潮逐渐退去，其真实订单只有此前预定量的2%。不过，处于人生巅峰的马斯克根本不用在乎。一年之内五次召回美...,"<p>特斯拉Cybertruck又召回了，这已经是今年的第五次了。随着上市接近一年时间，这款网红神车的热潮逐渐退去，其真实订单只有此前预定量的2%。不过，处于人生巅峰的马斯克根本不用在乎。</p><p>一年之内五次召回</p><p>美国国家高速公路交通安全管理局(NHTSA)上周三宣布，特斯拉将从12月9日开始召回2400辆Cybertruck，理由是车辆可能存在缺陷而失去动力，从而增加事故风险。此次问题无法通过软件补丁修复。</p><p>特斯拉提交的召回报告显示，此次召回涉及 Cybertruck 驱动逆变器中的故障组件，该逆变器负责控制电动机的扭矩。召回通知指出，从去年11月到今年7月底之间生产的共计2431辆Cybertruck存在金属氧化物半导体场效应晶体管(MOSFET)故障，可能会导致车辆突然失去扭矩，从而失去动力。</p><p>召回报告显示，特斯拉从7月底开始收到客户关于突然失去动力的投诉，从8月开始调查此问题。经过两个月的研究，特斯拉在10月发现了配备MOSFET组件的驱动逆变器的失效率有所增加。</p><p>目前已经有五起与此问题相关的保修索赔，但目前还没有碰撞、伤害或死亡事件。特斯拉表示：“(如果出现失去动力)，之前不会有任何警告。然而，当驾驶员无法施加扭矩时，车载界面会立即显示警告，并提示驾驶员将车辆安全停靠在路边。”</p><p>特斯拉表示，将从下月开始提供替换部件，但计划明年1月再通知车主相关问题和解决方案；2024年7月30日之后生产的 Cybertruck已采用改良后的驱动逆变器。</p><p>刚刚上市不久的车型被召回并不奇怪。但Cybertruck的召回似乎有点频繁。实际上，这已经是特斯拉今年第五次召回Cybertruck了，几乎是每两个月就要召回一次。有两次是通过软件更新OTA升级解决，而其他三次则是硬件问题需要物理修复。</p><p>简单回顾下Cybertruck今年的召回：2月份因为特斯拉仪表盘面板字体过小，召回总计220万辆各款车型，当时只有极少数Cybertruck交付；4月份召回近4000辆，因为加速踏板可能卡住；6月份召回1.16万辆，因为前挡风玻璃的雨刷器可能失灵；10月份召回2.71万辆，因为倒车影像显示延迟。</p><p>尽管特斯拉向来以碰撞安全指标著称，在NHTSA和欧洲新车安全评鉴协会(NCAP)的测试中均获得五星评级，但他们的召回数量同样是名列前矛。</p><p>汽车数据分析网站 iSeeCars根据NHTSA的召回数据统计，特斯拉Model Y、3、S 和 X 占据了美国车型召回榜前七名中的四个位置。尽管 Cybertruck 还未被列入榜单，但以目前已经六次召回趋势来看，这似乎只是时间问题。</p><p>网红名人炫耀神车</p><p>自从2019年11月正式发布以来，充满科幻风的Cybertruck就始终成为社交媒体的关注焦点。这辆尺寸巨大的皮卡几乎完全颠覆了传统汽车设计风格，与其他同类车型有着显著的差别，更在诸多车型中异常突出。</p><p>车身采用楔形外观，线条非常硬朗且富有棱角，完全抛弃了传统车辆的流线型设计，给人以未来科幻风格。整车外观极其简洁，没有多余的装饰或复杂的曲面，显得更加科技感十足。</p><p>而且，车身由超硬冷轧30X不锈钢制成，无需额外涂层或喷漆，呈现出银色金属光泽，显得极为独特。特斯拉表示，不锈钢外壳具有超强的抗冲击性和耐用性，可以抵御轻武器的弹道冲击和锤击。高达14,000 磅(约6.35吨)的牵引能力，更是碾压了多数传统皮卡。</p><p>马斯克提到，Cybertruck的设计受到了电影《银翼杀手》中相关未来车型的影响。这种独特的科幻设计风格，再加上马斯克超强的个人营销影响力，以及特斯拉在电动车以及辅助驾驶行业的技术领先地位，使得Cybertruck立即吸引了所有人的注意。据马斯克表示，Cybertruck发布一周之内就收到了25万份预定。</p><p>当然，和所有特斯拉其他车型一样，Cybertruck的上市时间也是不断推迟。当初发布的时候，马斯克宣布Cybertruck会在2021年底开始量产，但因为各种内部技术和外部供应链问题，Cybertruck的量产时间连续三次推迟，直到2023年底才开始正式交付，到今年年初才开始大规模量产交付。</p><p>今年Cybertruck开始交付之后，更是成为了名人网红吸引粉丝的流量。顶流网红金卡戴珊发布每条社交媒体广告收费超过百万美元，但今年2月她却连续数次炫耀自己刚刚到手的Cybertruck。这些都成为了特斯拉免费的广告。</p><p>更多的网红拿着Cybertruck进行各种极端测试，甚至对着车身开枪射击来展示Cybertruck的防弹功能。根据网红博主内尔森(Zack Nelson)的测试，Cybertruck的不锈钢车身的确可以抵挡9mm以下的子弹，遇到较大口径就无能为力了。需要强调的是，Cybertuck的玻璃并没有防弹性能。</p><p>产能低下带来严重缺货，也让Cybertruck一度成为了某些经销商的挣钱资本。今年4月，美式足球明星艾尔布朗(Ayir Brown)甚至愿意加价10万美元，以20-25万美元的价格购买一辆Cybertruck。但在朋友的劝说下放弃了这一想法。</p><p>极高的关注度，再加上推迟两年量产，在一定程度上刺激了Cybertruck的预定量。而且，美国消费者只要支付100美元定金就可以预定Cybertruck，等待量产排期到了再支付剩余款项，而且定金随时可以全额退还。</p><p>行业分析机构预计，Cybertruck发布两年之后预定量超过100万辆，甚至有媒体预计有两百万订单。马斯克曾经预计，按照特斯拉的产能，可能要到2027年才能完成量产之前累计的这些预订单。</p><p>尺寸太大日常受限</p><p>随着Cybertruck交付量逐渐增加，这车的真实体验也逐渐为人所知。Cybertruck巨大的尺寸或许是很多车主放弃预定的主要原因：无法停入标准车库，只能无奈放弃预定。</p><p>一名纽约郊区特斯拉车主最近在Facebook的Cybertruck车友群表示，自己驾驶Cybertruck来到曼哈顿的时候，却发现接连遭到多家停车场的谢绝入内。</p><p>根据这位车主了解，停车场是在保险公司的要求下拒绝Cybertruck入内的。目前还不知道保险公司为何歧视对待Cybertruck，但在遍地豪车的曼哈顿，显然不是因为Cybertruck车价太贵。</p><p>据车主猜测，一个可信的理由是，保险公司担心Cybertruck巨大的体积，在曼哈顿狭小的地下停车场，会容易碰撞剐蹭到其他车辆，带来毫无必要的保险支出。又或许保险公司近期遭遇了Cybertruck在停车场剐蹭碰撞的事故，所以干脆一刀切拒绝Cybertruck入内。</p><p>毕竟Cybertruck车身尺寸巨大(长5.89米，宽2.03米，高1.9米)，本身就比其他大型SUV和普通皮卡更大，而且因为独特的直角造型和不锈钢外壳，更增加了视觉效果。和Cybertruck一个体积的车型都是全尺寸皮卡，而很少有人会开着福特F-150这样的皮卡车来到曼哈顿拥挤的闹市区停车场。</p><p>同样拒绝Cybertruck的，甚至还有洗车店。据一位新泽西州的Cybertruck车主则表示，自己跑了几家洗车店，发现他们都拒绝给Cyberturck提供洗车服务，而理由也是车身太长，可能会损坏洗车店的设备和其他车辆。</p><p>Cybertruck甚至遭到了美国车辆保险商的抵制。近期多名Cybertruck车主在Reddit论坛上抱怨，美国几大保险公司Geico和State Farm拒绝承保他们的Cybertruck。</p><p>一名车主表示，自己家里有8辆车，但Geico却唯独拒绝承保Cybertruck，理由是“这类车不符合我们的承保标准。”另一位车主则表示，Geico拒绝的理由是“他们不承保超过10万美元的豪车”。</p><p>还有一些车主也抱怨，Geico将他们Cybertruck的保险从私人乘用车保险(PPA)变成了更为昂贵的商业保险，理由是Cybertruck的过于沉重以及可能难以获得维修部件。</p><p>在媒体曝光此事之后，美国第二大车辆保险公司Geico官方回应称，他们并没有拉黑Cybertruck，这些车主的遭遇可能是因为具体的原因，保险公司会根据每名用户的具体情况做出决定。</p><p>实际订单率只有2%</p><p>随着Cybertruck的产能逐渐提升，道路上可以看到的车辆日见增多，尽管Cybertruck依然足够吸睛，但已经不再具备初期被网红用来炫耀的价值。</p><p>在最初的热潮退却之后，特斯拉也发现Cybertruck的真实订单数量远远低于预期。由于最初Cybertruck产能有限，特斯拉优先组装定价超过10万美元的Foundation高配版，但近期他们已经开始生产8万美元的中配版本。</p><p>美国消费者惊讶地发现，现在下单十天就可以提取到Cybertruck现车。诸多Cybertruck车友社区都可以看到类似的分享：10月份才预定8万美元的中配版，10天之后就可以直接提车。这表明，Cybertruck的累计预定量已经被消化完毕。</p><p>利率高昂和经济不确定性或许是影响潜在车主下单预定Cybertruck的重要原因。目前美国利率依然处在高位，直接影响了消费者贷款购车的意愿，而经济前景不确定也让很多消费者暂时打消了下单豪华皮卡车的想法。现在已经不是消费者排队等着提车，而是特斯拉在努力寻找新买家。</p><p>特斯拉并没有在财报中公布Cybertruck的具体销量，但媒体预计今年前三个季度特斯拉累计交付了2.825万辆Cybertruck。如果按照超过百万预定量来计算，则意味着真实订单比例只有2%。对于一辆电动皮卡来说，这已经是个相当不错的数字。</p><p>相比之下，福特F-150 Lightning电动皮卡今年前三个季度的销量为2.28万辆，低于Cybertruck。而且，因为销量疲软，福特已经决定从11月中旬开始暂时停产F-150 Lightning，此次停产为期六周，将在1月初恢复生产。</p><p>需要指出的是，特斯拉Cybertruck目前只在美国和加拿大正式上市销售，随着更多国际市场的开放预定，其销售数据还会进一步增长。但特斯拉尚未公布其他市场的上市计划与时间表。</p><p>在全球最大的新能源车市场中国，Cybertruck可能会在明年年中正式上市后轮驱动版。相比其他畅销的特斯拉车型，Cybertruck属于皮卡车，可能需要进行适应性改进，以符合中国监管法规和消费者需求。</p><p>人生巅峰的马斯克</p><p>或许Cybertruck前卫的造型、巨大的尺寸和高昂的售价，让其很难像Mode 3和Y那样成为特斯拉的主力销售车型，其最初的热度也无法真正转化为实际销量。不过，正处在人生巅峰的马斯克并不在乎这些。</p><p>在2024年大选中，马斯克累计投入了近两亿美元，帮助前总统、共和党候选人特朗普再次当选。他在2022年斥资440亿美元收购的社交媒体巨头推特(已改名为X)更是发挥了巨大的作用。特朗普当选之后，“册封”马斯克领导政府效率改革部门，负责精简美国各大政府机构的预算与人员。</p><p>现在的马斯克，已经不仅仅是科技创新领袖，他甚至成为约翰-皮尔庞特-摩根(John Pierpont Morgan，摩根银行创始人)之后美国最具政治影响力的的商业领袖，可以直接影响到美国经济外交政策的制定，甚至凌驾于原先的诸多监管部门之上。这是他梦寐以求的权力地位。</p><p>美国司法部、国际贸易委员会(FTC)、证券交易委员会(SEC)、美国高速公路安全管理局(NHTSA)、五角大楼、美国国家航空航天局(NASA)，这些特斯拉和SpaceX的直接监管部门和利益相关部门，未来都会受到马斯克“提升政府效率”的直接影响。</p><p>这些监管机构至少已经对马斯克旗下公司展开了20多次调查甚至诉讼，未来是否还能有效监管特斯拉，将成为一个巨大的疑问。而特斯拉自动驾驶的监管难题，在特朗普政府时期也将前景一片光明。</p><p>在美国大选结果公布之后，特斯拉股价已经累计上涨了40%，市值再度突破了1万亿美元关口。与此同时，SpaceX估值也超过了2500亿美元，xAI估值突破了500亿美元，马斯克的个人资产也因此突破了3000亿美元，成为第一位达到3000亿美元关口的超级富翁。</p><p>无论是否认同马斯克的政治立场和商业操作，都很难否认一个事实：他每一次孤注一掷地押注都赢了。无论是当初投资特斯拉，还是创建SpaceX，马斯克曾经数次面临背水一战的困境，如果后续不成功，就意味着破产。</p><p>然而，他都挺了过来，最终成为了全球首富。而这一次，他将特朗普再次送入白宫，成为直通白宫的美国总统最为信任的超级红人，收获的商业回报更是难以估量。</p>",2024年11月18日 09:18,https://finance.sina.com.cn/tech/roll/2024-11-18/doc-incwmvky4026001.shtml,https://n.sinaimg.cn/spider20241118/153/w600h353/20241118/1832-2a191a113233c734f1228b44048900e8.png,False,True
4d92d2a8279ca20c9f89784a428000da,欧盟发布《通用人工智能业务守则》初稿：明确 AI 风险管理指导方针,11 月 16 日消息，科技媒体 engadget 昨日（11 月 15 日）发布博文，欧盟已于 11 月 14 日发布《通用人工智能业务守则》初稿，共计 36 页，目标为开发和使用通用人工智能（GP...,<p>11 月 16 日消息，科技媒体 engadget 昨日（11 月 15 日）发布博文，欧盟已于 11 月 14 日发布《通用人工智能业务守则》初稿，共计 36 页，目标为开发和使用通用人工智能（GPAI）模型设立监管框架。</p><p>通用人工智能模型定义</p><p>《通用人工智能业务守则》初稿将其定义为：</p><p>人工智能模型，包括使用大量数据通过规模化自我监督进行训练的人工智能模型，该模型显示出显著的通用性，能够胜任各种不同的任务，无论该模型以何种方式投放市场，并可集成到各种下游系统或应用中。</p><p>系统风险指导方针</p><p>IT之家援引博文介绍，初稿详细列出了如何管理与通用人工智能模型相关的风险，其指导方针主要帮助企业识别潜在风险，并采取适当的措施来降低这些风险。</p><p>此外文件为企业提供了遵守相关法律法规的具体建议，帮助企业在开发和应用人工智能技术时，能够有效避免法律风险。</p><p>欧盟正在考虑对生成式人工智能模型实施分级监管，模型的复杂性和潜在风险越高，监管要求越严格。这种分级方法有助于确保更强大的 AI 技术在使用时能够得到更严密的监管。</p>,2024年11月18日 09:12,https://finance.sina.com.cn/tech/roll/2024-11-18/doc-incwmvkv0560194.shtml,https://n.sinaimg.cn/spider20241118/367/w810h357/20241118/4404-1b57b22c859312fc28134ef995a3d094.jpg,False,True
e2e488ae19572dc867735dbbc4012594,微星 Claw 8 AI+ 掌机获 CES 2025 创新奖，3A 游戏续航 4 小时以上,IT之家 11 月 18 日消息，CES 展会官网显示，微星 Claw 8 AI+ 掌机获得了“游戏与电竞类别”的 CES 2025 创新奖。介绍文段中提到，Claw 8 AI + 是全球首款也是唯一...,"<p>IT之家 11 月 18 日消息，CES 展会官网显示，微星 Claw 8 AI+ 掌机获得了“游戏与电竞类别”的 CES 2025 创新奖。</p><p>介绍文段中提到，Claw 8 AI + 是全球首款也是唯一一款搭载英特尔酷睿 Ultra 200V ""Lunar Lake"" 处理器的掌机设备，配备了更大、更新的 8 英寸屏幕。</p><p>此外这台掌机配备了 83Whr 电池，结合 ""Lunar Lake"" 处理器的优秀能耗和增强的 Xe2""Battlemage"" 架构核显可实现 4 小时以上的 3A 游戏游玩续航。</p><p>参考IT之家此前报道，微星 Claw 8 AI+ 掌机预计将配备 1 个 M.2 2280 盘位，提供双雷电 4 端口。</p>",2024年11月18日 09:03,https://finance.sina.com.cn/tech/digi/2024-11-18/doc-incwmvkt3782091.shtml,https://n.sinaimg.cn/spider20241118/120/w1300h420/20241118/0ed6-5860f047c70463d1e408eb496f5a66c8.png,False,True
1e6c5c4685015e8c450299423e67dd55,AI 可“听”出电池起火征兆，准确率达 94%,IT之家 11 月 17 日消息，锂电池火灾一直是电动汽车和电子设备的一大安全隐患，为了预防这类事故，科学家们一直在探索各种方法。近日，一项新研究提出了一种利用声音来预警锂离子电池即将起火的方法。研究...,<p>IT之家 11 月 17 日消息，锂电池火灾一直是电动汽车和电子设备的一大安全隐患，为了预防这类事故，科学家们一直在探索各种方法。</p><p>近日，一项新研究提出了一种利用声音来预警锂离子电池即将起火的方法。研究人员指出，锂离子电池在起火前会经历一个化学反应过程，导致内部压力逐渐升高，电池开始膨胀。由于电池外壳通常是坚硬的，无法适应这种膨胀，因此电池中的安全阀会破裂以释放压力。</p><p>在这个过程中，安全阀的破裂会发出一种独特的咔哒声和嘶嘶声，有点像打开汽水瓶盖的声音。</p><p>美国国家标准与技术研究所（NIST）的研究人员训练了一种机器学习算法，能够识别这种独特的破裂声。为了训练算法，研究人员与西安科技大学的实验室合作，收集了 38 个爆炸电池的音频数据。随后，他们对这些音频进行速度和音调的调整，生成超过 1000 个独特的音频样本，用于训练算法。</p><p>测试结果显示，该算法能够以 94% 的准确率识别过热电池的破裂声。IT之家注意到，研究人员使用各种背景噪音，包括脚步声、关门声和开瓶声，来测试算法的鲁棒性，发现只有少数噪音能够干扰算法的判断。</p><p>研究人员表示，这项技术有潜力开发出一种新型的火灾报警器，可以在家庭、办公室、仓库和电动汽车停车场等场所安装，提前发出警报，为人们提供充足的撤离时间。</p><p>广告声明：文内含有的对外跳转链接（包括不限于超链接、二维码、口令等形式），用于传递更多信息，节省甄选时间，结果仅供参考，IT之家所有文章均包含本声明。</p>,2024年11月18日 09:00,https://finance.sina.com.cn/tech/digi/2024-11-17/doc-incwktxf4292829.shtml,https://n.sinaimg.cn/spider20241117/200/w640h360/20241117/e122-2d5fcc74fb17e21d61754803350f1e32.jpg,False,True
b5f5b1f757e70d1edebad89407743a43,三星或2025年三季度推出AR眼镜 主打轻量化与AI功能,三星或2025年三季度推出AR眼镜 主打轻量化与AI功能【CNMO科技消息】近日，据国内研究机构Wellsen XR Research透露，三星预计将在2025年第三季度推出其首款AR眼镜。这款设备或...,<p>三星或2025年三季度推出AR眼镜 主打轻量化与AI功能</p><p>【CNMO科技消息】近日，据国内研究机构Wellsen XR Research透露，三星预计将在2025年第三季度推出其首款AR眼镜。这款设备或将命名为“AI智能眼镜”，搭载高通专为AR开发的骁龙AR1芯片，同时支持谷歌开发的Gemini人工智能大模型。据悉，该产品重量仅为50克，并计划首批生产50万台。</p><p>根据目前披露的信息，这款三星AR眼镜将以轻量化设计为主打，设备重量仅为50克。核心硬件方面，眼镜将搭载高通骁龙AR1芯片，这是高通专为AR设备优化的处理器，能够支持流畅的增强现实体验。除此之外，该设备配备了一块155mAh的小型电池，显然并不以长时间的独立续航为核心，而更可能依赖与其他设备的连接来完成计算任务，如智能手机或平板电脑。</p><p>这与此前苹果的策略类似。苹果此前被传正在研发一款需要与iPhone连接使用的轻量化AR眼镜，而非像Vision Pro那样的高性能独立设备。这说明当前技术在将强大的计算能力与轻量化设备结合上仍存在挑战，三星很可能也选择了类似的路径。</p><p>三星AR眼镜还配备了一颗索尼IMX681 12MP摄像头，虽然具体用途尚未明确，但有可能用于手势识别、场景捕捉或增强现实交互。同时，这款眼镜将支持谷歌与三星合作开发的Gemini人工智能大模型，预计会为用户提供更强大的语音交互、图像识别以及信息处理能力。</p><p>版权所有，未经许可不得转载</p><p>（本文来自于手机中国）</p>,2024年11月18日 09:00,https://finance.sina.com.cn/tech/roll/2024-11-17/doc-incwismk7706681.shtml,https://n.sinaimg.cn/spider20241117/138/w600h338/20241117/0896-11df48083ad6c960fe6ef8d0a14e73d5.jpg,False,True
7dfe12adc67ca4425858611ff3e13585,四维图新第二总部基地在合肥正式启用，重点发力人工智能自动驾驶等板块,IT之家 11 月 18 日消息，四维图新第二总部基地正式启用庆典活动于 11 月 16 日在四维图新合肥大厦园区举行。IT之家从官方介绍获悉，用地 18 亩、总建筑面积约 5 万平方米的四维图新第二...,<p>IT之家 11 月 18 日消息，四维图新第二总部基地正式启用庆典活动于 11 月 16 日在四维图新合肥大厦园区举行。</p><p>IT之家从官方介绍获悉，用地 18 亩、总建筑面积约 5 万平方米的四维图新第二总部基地，将引入自动驾驶、高精度定位、芯片、人工智能、新能源充电平台、新一代车联网业务及智能硬件等核心业务，并设立智能网联电动汽车技术创新联合实验室及位置大数据实验室，重点发力人工智能自动驾驶、高精度地图及高精度定位三大业务板块。</p><p>四维图新 CEO 程鹏称，2017 年，四维图新与合肥结缘，完成对杰发科技的收购，以此为标志走上了汽车智能化赛道。7 年以来，杰发科技量产了第一颗年装车量过百万的智能座舱芯片 AC8015；第一颗打进全球顶尖车厂的智能座舱芯片 AC8025，第一颗年销量过千万的 MCU AC7801；研发了数百个料号的各类车规芯片，出货量达到了 3 亿颗，为中国汽车的电动化智能化提供了有力的车载算力保证。</p><p>程鹏还透露，过去几年，四维图新发力智能座舱和智能驾驶，中高阶智能驾驶产品和舱驾融合产品也进入了量产准备阶段。</p><p>广告声明：文内含有的对外跳转链接（包括不限于超链接、二维码、口令等形式），用于传递更多信息，节省甄选时间，结果仅供参考，IT之家所有文章均包含本声明。</p>,2024年11月18日 08:42,https://finance.sina.com.cn/tech/digi/2024-11-18/doc-incwmvkt3763319.shtml,https://n.sinaimg.cn/spider20241118/253/w633h420/20241118/dc0d-bd3eddc7071fed1888a829c8b4d409ba.png,False,True
8a4a93c562c5d634c8c8dec0e0292a54,王建宙：新一代人工智能加速6G网络演进,作者：中国移动原董事长 王建宙过去的几十年中，移动通信网络经历了从1G到5G的演进。每一次演进都提升了无线通信网络的功能，这些功能的使用改变了人类的生活、工作和生产方式。今天，5G已经变成常态，6G正...,<p>作者：中国移动原董事长 王建宙</p><p>过去的几十年中，移动通信网络经历了从1G到5G的演进。每一次演进都提升了无线通信网络的功能，这些功能的使用改变了人类的生活、工作和生产方式。</p><p>今天，5G已经变成常态，6G正在向我们走来。国际电信联盟发布《IMT面向2030及未来发展的框架和总体目标建议书》以后，6G的标准化和技术研发已经热火朝天。</p><p>此刻，我们对6G充满期待。我们期待6G带来更快的网速和更大的容量，更期待6G网络演进成为与人工智能深度融合并可持续发展的新型网络。</p><p>人工智能重构移动通信网络</p><p>电信业是各行各业中最早采用数字技术的。早在上世纪80年代初期，随着数字程控电话交换机的使用，电信企业开始了数字化的进程。数字技术的使用，成为电信业发展的转折点，随之而来的是此后几十年的快速增长。</p><p>现在，电信业正在迎来新的转折点，这就是用人工智能来重构电信网络。重构就是对系统的内部结构做出改变，通过优化内部逻辑，使系统更加合理和高效。要用人工智能优化网络结构，用人工智能调度网络资源，用人工智能管控网络，替代过去基于长期经验设计的无线网络的结构和运行规则。通过大模型实时分析网络状况，预测和诊断故障，并修复和自我优化。</p><p>重构网络，就要对整个网络的结构和运行逻辑进行调整，使之更加高效。</p><p>长期以来，电信网络都是按照忙时业务量确定网络容量并建设网络，然后昼夜不停地全容量运行网络。用这种方式运行低耗电的固定电话网络是行之有效的。但是，移动通信网络具有大量的分布式基站，随着基站数量的增加和收发天线数量的增加，网络耗电量一直在增长。5G网络开通以后，由于5G网络功率远高于4G，为了节约用电，运营商尝试在深夜闲时对部分基站实施休眠。</p><p>在利用人工智能重构网络之后，可以期待行业将建立一种新颖的网络运行方式。人工智能不仅可以根据预测的业务量忙闲状况，自动控制基站的休眠和唤醒，而且可以使这种控制变得更加精确。把人工智能的算法应用于网络系统之中，将基站发射、信号传送和终端接收的全过程构建为一个深度神经系统。可以设想的目标是，利用人工智能自动调度资源的功能，在基站不休眠的情况下，根据实际业务需求变化自动调整频率带宽，自动调整收发天线的数量，这样可以明显地提升效率降低能耗。</p><p>我们可以把传统网络运行比喻成一个乐队的齐奏，即所有的乐器同时一起演奏；把利用人工智能精确控制的网络运行比喻为交响乐演奏，即每一个乐器都是在需要的时候才出现。</p><p>要实现6G让万物智联的愿景，还应使网络具有不同的层次。6G既要满足超高速物联的需要，也要满足中低速物联、窄带物联和无源物联的需要。4G网络建成以后出现了NB-IoT，5G网络建成以后出现了RedCap，都是为了适应不同层次的物联网的需要。6G网络宜在制定标准的初期就考虑到这种不同的需求。</p><p>重构网络还体现在增加网络的功能。6G网络将会超越连接，把网络连接与算力、算法、数据深度整合，从而支撑未来海量的人工智能应用。6G还将实现通信与感知一体化，拓展通信网络的功能边界。</p><p>突破技术难题</p><p>自4G采用正交频分复用（OFDM）作为调制方式以后，5G也继续采用OFDM。5G之所以具有较4G更快的速率，除了帧结构的优化，主要是因为增加了频率带宽和MIMO的收发天线数量。5G-A也是采用了同样的思路。这种方法对于提升网络速率确实立竿见影，但是也提升了基站设备的功耗。事实上，5G基站的功率远高于4G，5G-A基站的发射功率与5G一样，但由于收发天线的数量从64个增加到128个，实际功耗增加了10%-20%。</p><p>6G要大幅提速，势必要继续增加频率和收发天线。此外，6G将实现通信感知一体化，这就可能需要在OFDM发送连续波的基础上，增加新的调制方式（如线性调频，LFM）来发送感知的脉冲波，这又会增加功耗的负担。</p><p>5G网络运行后，移动网络的能耗问题已经引起了业界的高度重视。电信运营商和设备制造商都采取了许多措施来降低5G网络的能耗。常用的措施包括：改进元器件，优化电路设计，减少空调设备，等等。但总的来说，效果还不够明显。</p><p>随着频率效率的提高，功耗也不断增加，这是无线通信发展至今碰到的新难题。要实现移动通信业的可持续发展，需要在技术上有新的突破。</p><p>语义通信就是一种全新的技术，将通信与人工智能深度融合，通过对原始信号内容的特征提取，大幅减少传输的字节数，提升网络效率。这确实为移动通信的发展开辟了一个新的维度，引起了业界的密切关注。应该大力支持语义通信的技术研发。</p><p>频率资源短缺也是未来移动通信发展避不开的问题。尽管6.425-7.125 GHz频率已被2023年世界无线电大会划为可用于5G和6G的新的移动通信频率，但显然无法满足6G对频率的全部需求。</p><p>中低频段的频率已严重短缺，高频段频率资源丰富，而且在性能上有许多优势，但由于无线电波具有频率越高，绕射能力越弱的特性，若用毫米波或高频段的厘米波建设蜂窝式移动通信网络，存在着基站覆盖范围太小的难题，更不用说太赫兹波了。</p><p>10年前，在5G的研发阶段，很多制造商和运营商都把重点放在毫米波上。记得那几年在巴塞罗那移动通信展上，几乎所有的参展商展示的5G系统都是采用毫米波的。当时，我就在想，毫米波基站覆盖范围那么小，作为专网使用没有问题，但用毫米波建公网，成本会很高，运营商可能无法承受这种成本。果然，在5G建设的初期，国际上有一些运营商曾采用毫米波建设5G公网，但由于网络覆盖成本实在太高，后来又参加频率拍卖，改用中低频段建网。有的运营商已经取得了毫米波频率，后因顾虑成本太高而迟迟不开工，这些频率又被收回了。</p><p>尽管如此，由于中低频段资源的匮乏，移动通信若要进一步发展，我们不得不面对使用高频段频率建网的问题。</p><p>国际电信联盟的建议书指出：“IMT-2030需要广泛利用1 GHz以下频段至亚太赫兹频段之间的多个频段，涵盖低频段、厘米波频段、毫米波频段和亚太赫兹频段。未来的很多部署场景（包括广域部署），可能需要更大的信道带宽来满足新业务、新应用的需求，现有的频谱和后续新分配、新发现的频谱需要和谐共存。”</p><p>主攻目标是解决高频段基站因无线电波绕射能力弱而使其覆盖范围变小的问题。</p><p>办法总会有的，目前已经有了一些解决方案。例如，智能超表面（RIS）可以将入射的电磁信号通过反射和透射方式引导到所需方向，使信号覆盖到视距之外，这可能是解决高频段无线电波绕射能力弱的有效方法。我曾在试验场地观看过RIS的演示，效果显著。RIS看起来很像专业摄影师用的反光板，当然比反光板复杂得多。目前RIS在成本控制、功耗控制和避免干扰等方面还有许多尚待解决的问题。我认为，在6G标准化过程中，要像重视基站那样地重视RIS。国际电信联盟已将RIS列为6G的技术趋势，称之为多维度物理传输技术。这类技术的突破极具现实意义，值得大力支持。</p><p>扩大运营商共建共享网络</p><p>一直以来，世界各国的移动通信市场都是由多家运营商互相竞争的，每一个运营商都独立建设了各自的移动通信网络。这种市场竞争的格局加快了移动通信的发展，降低了资费，改善了服务，使消费者受益。</p><p>但是，移动通信的市场环境已经发生了巨大的变化。一方面，由于移动通信技术标准的统一，网络之间的技术差距缩小，网络服务内容也相类似，运营商之间的竞争成为同质化的价格竞争；另一方面，随着移动网络所需带宽增加，频率资源严重短缺。再加上移动通信网络的频繁升级换代，电信运营商的资本开支居高不下。正因为如此，在资本市场上，电信运营商的估值普遍偏低。</p><p>在这种新的市场环境下，国际电信业出现了两种趋势：一是减少电信运营商的数量，通常是通过商业并购的方式来实现；二是电信运营商共建共享网络。</p><p>电信运营商共建共享网络在3G时已经开始，但那时共享的范围比较小，主要是站址共享。进入5G以后，电信运营商之间的网络共建共享范围扩大，而且成为一种趋势。</p><p>中国的电信运营商在共建共享5G网络方面取得了巨大的成功，并赢得了全球同行的赞誉。5G网络的共建共享不仅大幅降低了建设成本和运维成本，降低了能源消耗，而且由于共享频率资源，增加了无线带宽，使网络的技术性能得以提升。</p><p>5G网络的共建共享，通常采取合作各方签署协议的方式。在国际上，也有成立合资公司的方式，各运营商持股成立一家合资公司，由合资公司专门负责5G网络的建设和维护，供出资的运营商使用。</p><p>毫无疑问，网络共建共享在6G仍将继续，而且还将扩大。因此，在6G的标准化过程中，需要考虑如何为运营商共建共享网络提供更多便利。根据5G共建共享的实践经验，改善技术规范。在制定新的技术规范时，需要兼顾各种形式的运营商网络共享，包括异网漫游方式共享、无线接入网共享、无线接入网并部分核心网共享、虚拟运营商共享等。</p><p>电信运营商在5G网络上超大规模的共建共享，证明了将电信网络建设维护与电信业务经营解耦不仅可行而且效益显著。两个运营商共同使用一个5G网络，更合理地利用了资源，降低了成本，提高了效率。而且，只要管理有效，运营商之间不会因为共用网络而减缓市场竞争。</p><p>电信运营商在5G上已经朝着网业分离的方向走出了一步。6G网络的共建共享应该迈出更大的步伐，一方面可以从两家合作扩大到多家合作，另一方面要使这种合作更加规范。可以探讨各方共同建立合资公司，由合资公司统一建设和维护6G网络，供所有的运营商有偿使用。</p>,2024年11月18日 08:15,https://finance.sina.com.cn/tech/roll/2024-11-18/doc-incwmvkv0531363.shtml,https://n.sinaimg.cn/tech/zcapp2018/doc_qrcode1.png,False,True
dd5bbecd7fe3ba394ec602ae12338c05,英伟达加速AI-RAN生态系统构建，赋能6G用例,C114讯 11月18日消息（艾斯）英伟达正在积极构建AI-RAN生态系统。在2024年9月18日的T-Mobile US“资本市场日”活动上，该运营商和英伟达共同宣布成立一个AI-RAN创新中心。英...,"<p>C114讯 11月18日消息（艾斯）英伟达正在积极构建AI-RAN生态系统。在2024年9月18日的T-Mobile US“资本市场日”活动上，该运营商和英伟达共同宣布成立一个AI-RAN创新中心。英伟达还推出了ARC One计算机，将无线电处理和AI处理融合到一个平台中。10月15日，英伟达举办了“6G开发者日”活动，旨在打造基于AI-RAN平台的6G研发生态系统。</p><p>市场研究公司Omdia资深首席分析师杨光在一篇最新分析报告中写到，尽管英伟达强调其AI-RAN平台“有能力做两件事”（即同时处理无线电信号和托管第三方AI工作负载），但关于其经济性的问题也随之而来：有必要在蜂窝基站中部署昂贵的GPU吗？</p><p>展望6G的发展，一些可能推动GPU进入蜂窝基站的新用例可能即将出现。在这些用例成熟之前，由GPU加速的数字孪生平台可能成为英伟达等AI厂商进入RAN基础设施生态系统的跳板。</p><p>分析师观点</p><p>英伟达最近发布了AI Aerial平台，这是一套用于设计、模拟、训练和部署AI-RAN的加速计算软件和硬件套件。英伟达还推出了ARC One，这是一种新型计算机，结合了GPU、CPU和前传网络接口卡（NIC），并将无线电处理和AI处理融合在一个平台中。英伟达首席执行官黄仁勋在T-Mobile“资本市场日”活动上表示：“我们有能力（同时）做两件事。”</p><p>在同一场活动上，T-Mobile技术总裁Ulf Ewaldsson表示，该运营商的目标是“彻底改变未来无线资源和客户体验的管理方式”，并“在网络边缘获得高计算能力”，以“支持各种AI工作负载”。英伟达和T-Mobile预计，与两个独立平台相比，AI-RAN解决方案可以最大限度地降低总拥有成本，并最大化投资回报。</p><p>尽管T-Mobile表示这是一个令人兴奋的机会，但将昂贵的GPU集成到蜂窝基站中仍存疑问，特别是关于边缘云将承载哪些AI工作负载方面。</p><p>展望无线接入技术的未来发展，一些可能推动GPU进入蜂窝基站的新用例可能即将出现。</p><p>AI原生无线空口（AI-AI）</p><p>根据ITU的IMT-2030框架报告，AI原生空口将成为6G技术的一个关键组成部分。在MWC 2024上，SK电讯、NTT DOCOMO、NTT和诺基亚共同展示了基于AI的无人驾驶传输。根据视频演示，这些公司利用AI技术通过最小化或不使用导频信号来提高频谱效率。训练使用支持3GPP信道模型的服务器以离线方式进行。推理则使用基于GPU的基带进行实现。</p><p>与传统实施相比，演示系统在模拟信道环境中在高、中、低移动性下实现了23-26%的平均吞吐量增益，在OTA环境中实现了约20%的吞吐量增益。</p><p>在同一活动中，软银还展示了一项基于AI的信道插值解决方案。软银将用于图像分析的AI技术应用于恢复复杂环境中退化的无线电信号。在模拟环境中，软银证实了与传统信号处理技术相比，吞吐量提高了约30%。</p><p>智能无线电空口设计是欧洲旗舰6G研究项目Hexa-X-II研究的6G无线技术关键推动因素之一，旨在优化网络频谱效率、降低开销、应对硬件挑战等。在欧洲研究项目CENTRIC中，基于英伟达Sionna（用于6G物理层研究的GPU加速开源库）的6G AI神经接收器（NRX）概念验证已经开发完成。CENTRIC项目团队观察到了“NRX与基线之间的明显增益”。</p><p>随着当今蜂窝通信系统的频谱效率接近香农理论极限，大约20%的性能提升将足以说服移动运营商采用支持AI的基带解决方案。</p><p>具有传感能力的多用途基础设施</p><p>通感一体（ISAC）是ITU IMT-2030框架报告中确定的六种6G使用场景之一。 传感能力可以帮助电信运营商将其通信基础设施扩展成为多用途基础设施，不仅可以承载数据通信，还可以监控地面、水上或低空的交通，或监控水坝与桥梁等关键基础设施的变形情况，以帮助企业或当局管理和控制交通和公共基础设施。</p><p>通感一体正在5G-Advanced框架中进行讨论，它将成为6G系统的原生组件。中国的电信运营商已经在多个城市对该技术进行试验。例如，中国移动通过美团的无人机送餐测试了这一功能，中国电信在广东、江苏和浙江测试了通感一体技术，用于监控无人机飞行。通感一体还可以与视频监控等其他传感解决方案相结合，形成一个综合传感平台。这些用例可能使电信运营商扩大其业务范围，并创造新的收入来源。</p><p>在这些通感一体用例中，网络边缘的AI能力对于准确识别和跟踪各种快速移动的物体是必不可少的。蜂窝基站将是承载这些AI工作负载的理想载体。</p><p>数字孪生平台可能是RAN行业尝试GPU加速的第一步</p><p>尽管AI原生无线空口和通感一体可能是在蜂窝基站中采用GPU的强大用例，但这些技术在6G生态系统成熟之前不太可能进行大规模部署。然而，随着6G标准化周期的开始，对精确的无线电传播模拟和RAN性能评估的需求日益增长。随着无线接入系统变得越来越复杂，能够支持整个城市大规模仿真、并准确追踪无线电波传播的数字孪生平台，可能成为6G研究的必备条件，其中GPU加速将发挥关键作用。</p><p>在“6G开发者日”活动上，英伟达介绍了其AI-RAN开发环境和工作流程，包括算法开发、系统级集成和基准测试、生产级集成和基准测试。空中全向数字孪生（Aerial Omniverse Digital Twin,AODT）平台在整个工作流程中发挥着关键作用。</p><p>AODT平台可以帮助RAN行业参与者在现实条件下探索基于AI的无线通信算法和相关解决方案，为其6G解决方案和部署做好准备。该平台还可以成为英伟达进入RAN基础设施生态系统的跳板，与主要参与者建立合作伙伴关系，展示GPU的好处与优势，并促进AI-RAN生态系统的发展。</p>",2024年11月18日 08:14,https://finance.sina.com.cn/tech/roll/2024-11-18/doc-incwmvkv0529922.shtml,https://n.sinaimg.cn/tech/zcapp2018/doc_qrcode1.png,False,True
62778bf0e717145f3e3878dfec6db047,AI自习室在县城悄悄兴起,【#AI自习室在县城悄悄兴起#】通过将五六千元一台的AI学习机卖给想要让孩子提分的家长，再提出可以帮家长看管孩子自习，借此收取托管费，AI加持下的“新教培”正在成为一门赚钱的好生意。然而，自习室里的孩...,<p>【#AI自习室在县城悄悄兴起#】通过将五六千元一台的AI学习机卖给想要让孩子提分的家长，再提出可以帮家长看管孩子自习，借此收取托管费，AI加持下的“新教培”正在成为一门赚钱的好生意。然而，自习室里的孩子正在绞尽脑汁地应付AI出题，因为一旦题目做错，系统会让学生一直做，直到全部做对才能通关。督导老师肖丽告诉央视网《新闻+》记者，学员到最后没有办法，会为了正确率死记硬背答案，最开心的时候是#孩子在AI自习室玩五子棋老师装看不到#。</p>,2024年11月18日 08:00,https://finance.sina.com.cn/tech/roll/2024-11-18/doc-incwmvkt3748117.shtml,https://n.sinaimg.cn/tech/zcapp2018/doc_qrcode1.png,False,True
2c3d8b2b533df7239ed26d6c9334328d,对标OpenAI o1！Kimi发布新一代推理模型：中考高考考研全第一,快科技11月18日消息，日前，国内人工智能公司月之暗面推出的Kimi国产大模型正式发布k0-math。k0-math是Kimi推出的首款推理能力强化模型，采用全新强化学习和思维链推理技术，通过模拟人脑...,<p>快科技11月18日消息，日前，国内人工智能公司月之暗面推出的Kimi国产大模型正式发布k0-math。</p><p>k0-math是Kimi推出的首款推理能力强化模型，采用全新强化学习和思维链推理技术，通过模拟人脑的思考和反思过程，大幅提升解决数学难题的能力。</p><p>据了解，在多项数学基准能力测试中，k0-math的表现能对标OpenAI o1系列可公开使用的两个模型：o1-mini和o1-preview。</p><p>根据官方公布的结果，在中考、高考、考研以及包含入门竞赛题的MATH等4个数学基准测试中，k0-math初代模型成绩超过o1-mini和o1-preview模型，拿下第一。</p><p>在业界最常使用的数学能力基准测试MATH 中，k0-math模型得分93.8，超过 o1-mini的90分和o1-preview的85.5分。</p><p>官方表示，k0-math这一成绩仅次于暂未开放使用的o1完全版94.8分。</p><p>据介绍，常规模型的设定目标是尽快提供问题的答案，但k0-math不同，k0-math模型在做题过程中会花更长的时间来推理，包括思考和规划思路，并且在必要时自行反思改进解题思路，提升答题的成功率。</p><p>不过，月之暗面坦言，k0-math虽然擅长解答大部分很有难度的数学题，但是当前版本还无法解答LaTeX格式难以描述的几何图形类问题。</p><p>另外，k0-math还有一些局限性需要突破，包括对于过于简单的数学问题，例如1+1等于几，k0-math模型可能会过度思考，对于高考难题和IMO题目依然有一定概率做错、猜答案。</p><p>月之暗面表示，这些局限性既是机遇，也是挑战，预计将在下一阶段的模型迭代中逐步得到改善。</p><p>【本文结束】如需转载请务必注明出处：快科技</p><p>责任编辑：拾柒</p>,2024年11月18日 07:51,https://finance.sina.com.cn/tech/roll/2024-11-18/doc-incwmvkt3747005.shtml,https://n.sinaimg.cn/spider20241118/137/w600h337/20241118/5f4a-dc8cf9aeaf1be68445c3b4cd46812604.png,False,True
9ad4886865411b1423e578ff6f843cf9,AI搜索群雄逐鹿 商业化仍在探索,专题：聚焦AI最近一段时间，AI（人工智能）搜索领域好不热闹。科技大厂争相卡位，再加上AI大模型“新秀”的下场竞逐，给自ChatGPT诞生便热闹起来的搜索市场又新添了一大把“柴”。一场AI时代的搜索新...,<p>专题：聚焦AI</p><p>最近一段时间，AI（人工智能）搜索领域好不热闹。科技大厂争相卡位，再加上AI大模型“新秀”的下场竞逐，给自ChatGPT诞生便热闹起来的搜索市场又新添了一大把“柴”。一场AI时代的搜索新“战事”正在上演。</p><p>AI搜索能给用户带来哪些新的体验与价值？AI搜索市场的竞争格局将走向何方？上个时代几近成熟的结果排序算法、在线广告模式，能否“复制”到AI搜索中？当下大模型工具已试水的付费订阅制，能否扛起AI搜索的商业化“大旗”？……针对这些业界关注的问题，《中国经营报》记者结合国内外搜索现状进行了相关调研与采访。</p><p>需求旺、抢入口</p><p>“搜索从传统线性搜索不断跃迁至AI搜索，其本质是用户检索信息方式的不断演进。”谦询智库创始合伙人、分析师龚斌指出，AI搜索技术不仅能够生成内容，还更加注重对语义的理解和个性化推荐。此外，AI搜索技术还能连接不同的互联网服务场景，构建起智能化的产品生态系统。在他看来，无论是科技大厂，还是大模型公司，纷纷推出各自特色的AI搜索产品，其背后是用户对于AI搜索范式下智能总结、主动提供智能化模式的急迫需求。</p><p>记者尝试体验了由月之暗面公司于今年10月中旬上线的“Kimi探索版”。当输入关键字或一个问题进行搜索时，主页面显示的是AI生成的总结回答，而页面右侧是“网页搜索”栏，展示了包括图片、AI阅读的网页来源（如新闻报道、百科知识、社交网络等）。</p><p>另一家大模型明星企业智谱AI，涉足AI搜索领域是以智能体（AI Agent）的形态“内嵌”于智谱清言大模型内，输入问题搜索时，“AI搜索”结果中会注明“基于X个搜索来源”，总结生成“答案”提供给用户，同时用户也可以点击来源网页。</p><p>作为内容社区的知乎，今年10月底在“知乎直答”产品内上线了“专业搜索”功能，目前平台上支持“通用搜索”和“专业搜索”两类功能，前者适合日常学习工作中的快速查询，后者则瞄准需要研究特定领域、分析专业文件或文献的用户群。</p><p>而老牌搜索引擎巨头百度，较早就在传统搜索优势积累的基础上添加甚至置顶了“AI智能回答”的结果。在11月12日举行的“百度世界大会2024”上，百度董事长兼首席执行官李彦宏透露，截至今年11月初，百度文心大模型的日均调用量已超过15亿次，相比一年前实现了约30倍的增长。这一增速“证明了AI技术的真实需求和巨大潜力”。</p><p>工信部赛迪研究院今年10月底发布的《AI搜索行业发展报告》显示，谷歌、百度、Perplexity、夸克、豆包等国内外搜索巨头和新锐厂商正在不断探索AI搜索的全新形态，整体来看，行业呈现出五个明显的趋势，分别是：产品力成为核心竞争力，从信息获取工具向信息一体化处理产品形态跃迁，搜索场景趋向垂直化、细分化和专业化，PC端产品将成为新的入口级应用，AI搜索将重塑搜索行业生态。</p><p>AI搜索市场呈现“群雄逐鹿”局面，或许更为重要的原因是，对于大模型企业来说，AI搜索被视为一个比较容易实现商业化的突破口。对此，科技部国家科技专家库专家周迪向记者分析称：一是市场需求旺盛，智能搜索能够提供更加精准和个性化的搜索结果，满足用户的多样化需求；二是技术创新，生成式AI技术的快速发展，推动搜索引擎向智能生产工具转变，AI搜索应运而生，为搜索引擎行业带来新的增长空间；三是应用场景广阔，随着5G技术的深入应用，AI智能终端的多样化和专业化趋势愈发明显，催生了智能手机、个人电脑、智能穿戴设备、智能家居设备、车载信息系统等新型设备形态，为AI搜索提供了更广阔的应用场景。</p><p>订阅制、广告及打赏尝试</p><p>在当下国内外的AI搜索市场中，Perplexity是在产品商业化方面进展明显较快的一家，这家公司创立于2022年，其搜索引擎产品早在2022年12月就已上线。今年4月，Perplexity推出了“专业版”订阅功能，用户每月支付20美元即可选择除了Perplexity自有大模型之外的包括GPT-4、Claude-3.5、Llama3.1等在内的第三方大模型。</p><p>事实上，据记者了解，就订阅会员制来说，国内多家大模型企业在产品迭代升级中也推出了免费账户之外的会员订阅服务，比如文心一言会员包年会员600元左右，智谱清言包年会员约400元等。也有一些大模型工具——比如通义千问，还没有对用户收费，只向B端用户收取API（应用程序编程接口）调用费用。当然，API服务收费模式又包括按量付费模式、包年包月模式等。值得一提的是，月之暗面旗下的Kimi还将社交网络中的“玩法”——打赏应用其中，打赏不同金额可获得不同天数的高峰期优先使用权。</p><p>就在11月14日，据TechCrunch报道，Perplexity将在其平台上试验展示广告，以“赞助的后续问题”作为呈现形式，放置于搜索答案旁，并注明“赞助”字样。从订阅付费到广告，Perplexity在探索AI搜索的商业化方面走在了行业前列。</p><p>“广告计划可以帮我们创造收入，并与合作伙伴分享。”Perplexity官方博客中写道，“经验告诉我们，单靠订阅无法产生足够的收入来创造可持续的收入分享计划，而广告是确保稳定且可扩展的收入现金流的最佳方式。”</p><p>众所周知，在上一轮的搜索引擎大战中，谷歌曾凭借网页排序算法、广告模式脱颖而出，“霸占”全球搜索老大的地位达20年之久。时至今日，在线广告收入已成为搜索引擎最成熟的商业模式。随着用户行为的变化，传统基于关键词竞价的广告模式渐趋被智能化、个性化推荐所取代，无论是老牌搜索引擎巨头，还是社交媒体平台，都在利用AI技术优化广告投放，提高转化率。</p><p>Perplexity此番在AI搜索中试图“第一个吃螃蟹”——将广告模式“移植”到AI时代的搜索引擎中，能否成功尚待市场的检验。</p><p>针对产业界对AI搜索的商业化尝试与探索，周迪指出，AI搜索虽然能够在短时间内找到用户需要的答案，但提供的答案有时并不准确，用户仍需要在AI搜索给出的结果中自行筛选有用的信息。以Perplexity为代表的国外AI搜索引擎已推出订阅服务，国内用户普遍习惯免费的搜索服务，能否接受付费模式还存在很大的不确定性。传统搜索引擎通过广告收入维持运营和创造巨大的现金流，但这种模式在AI搜索中是否完全适用，还有待观察。</p><p>龚斌表示，AI搜索正成为“兵家必争之地”，在国内外各大巨头、新锐公司纷纷加入AI搜索的浪潮中，AI搜索或将逐渐形成平台+硬件的双轮驱动格局。AI搜索的商业化探索及产品力的比拼刚刚开始，谁能占据市场制高点、谁能笑到最后还不好判断。但可以确定的是，传统搜索的变革将带来海量的商业机会，向“软件+终端”等多入口、平台型AI搜索与垂直型AI搜索的全新搜索格局演进。</p>,2024年11月18日 07:19,https://finance.sina.com.cn/tech/roll/2024-11-18/doc-incwmrav3870453.shtml,https://n.sinaimg.cn/tech/zcapp2018/doc_qrcode1.png,False,True
eab60132f4f21165e4056d5ad3c72cd7,万能防丢神器！曝苹果AirTag 2明年亮相,快科技11月18日消息，Mark Gurman爆料，苹果将在明年推出AirTag 2，爆料称全新的AirTag 2将升级芯片，并改进了位置跟踪功能，能在更远的距离内响应。Mark Gurman还透露，...,<p>快科技11月18日消息，Mark Gurman爆料，苹果将在明年推出AirTag 2，爆料称全新的AirTag 2将升级芯片，并改进了位置跟踪功能，能在更远的距离内响应。</p><p>Mark Gurman还透露，这款设备的代号是B589，它内置的扬声器不容易拆卸，整体设计跟上代没有太大变化。</p><p>公开资料显示，苹果在2021年4月发布了AirTag，国行首发价是229元，它最大的用途就是帮你追踪各种物品。</p><p>​​​跟其它追踪器有一点不一样，AirTag并没有GPS模块，也不能单独联网，但它不仅能实现近距离的精确查找，也能实现远距离的定位。</p><p>AirTag跟iPhone配对成功之后，用户只需在手机上按下“播放声音”按钮，AirTag就会发出提示音，用户循着声音就可以找到想要的物品，整个查找过程非常顺利。</p><p>【本文结束】如需转载请务必注明出处：快科技</p><p>责任编辑：振亭</p>,2024年11月18日 07:15,https://finance.sina.com.cn/tech/discovery/2024-11-18/doc-incwmrat7021333.shtml,https://n.sinaimg.cn/spider20241118/161/w600h361/20241118/5991-d5673a9dd20c14415c405620d8964649.png,False,True
dedfe5e6cb515a441584ae47ffcb7ef9,北京海淀人工智能青年领军人才论坛举行,科技日报讯 （记者华凌）记者11月14日获悉，北京市海淀区人工智能青年领军人才论坛暨第五届“智汇·海淀”人才主题周活动前不久在京举行。据介绍，海淀区作为人才大区与强区，在首都科技创新与经济社会发展中扮...,<p>科技日报讯 （记者华凌）记者11月14日获悉，北京市海淀区人工智能青年领军人才论坛暨第五届“智汇·海淀”人才主题周活动前不久在京举行。</p><p>据介绍，海淀区作为人才大区与强区，在首都科技创新与经济社会发展中扮演着重要角色，汇聚了一批顶尖的人工智能领域科学家和产业领军人物。海淀区人工智能领域的学者达1.23万人，占全市80%以上。</p><p>北京市科学技术协会副主席陈维成介绍，海淀区人工智能青年领军人才论坛是第27届北京科技交流学术月的重要活动之一。北京科技交流学术月作为重大学术品牌活动，已成为科技盛宴与创新碰撞的平台。</p><p>海淀区委副书记杨仁全说，今年以来，海淀区加强与清华大学、北京大学、北京智源人工智能研究院等高校院所合作，在领军人才培养、科技创新和产业创新深度融合等方面开展工作，发布了一系列政策措施，推动海淀建设全球创新创业人才向往之地，打造人工智能人才特区。他介绍，海淀区将为各类人才发展提供全链条保障，设立青年基金，实施“薪火共燃”等人才培养项目，支持早期创业团队和青年人才，并加强人才交流合作，使海淀成为人工智能人才创新创业的热土。</p><p>此次活动由北京市科学技术协会指导，海淀区科学技术协会主办，海淀区创新创业服务协会承办。</p>,2024年11月18日 03:49,https://finance.sina.com.cn/tech/roll/2024-11-18/doc-incwmkuz0748414.shtml,https://n.sinaimg.cn/tech/zcapp2018/doc_qrcode1.png,False,True
